,file,Genotype,channel,params,slope,threshold,y_min,y_max,range,sigma,r_squared,gain,Subject,group
1,F:\Fmr1 SD Tanks\WT\BA190305A\Block-2,WT,2,[34.89106152 39.4538298  21.48164697 17.00815101],0.5857284207877456,39.45382979615981,17.00815101005994,51.8992125269023,3.051431780926985,21.481646973817696,0.9153524454041118,34.89106151684236,11,11_2_F:\Fmr1 SD Tanks\WT\BA190305A\Block-2
3,F:\Fmr1 SD Tanks\WT\BA190305A\Block-2,WT,4,[28.00985652 29.90991323 10.48994635 14.78440381],0.20447796078570943,29.909913230849483,14.784403809991051,42.79426032827497,2.8945543478293883,10.4899463485522,0.7929122066423209,28.00985651828392,11,11_4_F:\Fmr1 SD Tanks\WT\BA190305A\Block-2
4,F:\Fmr1 SD Tanks\WT\BA190305A\Block-2,WT,5,[34.49114865 35.2798533  10.20514962 20.82380796],0.05446353714688711,35.279853302090274,20.82380795809645,55.314956605234116,2.656332440087033,10.205149615752836,0.8645366317049141,34.49114864713766,11,11_5_F:\Fmr1 SD Tanks\WT\BA190305A\Block-2
6,F:\Fmr1 SD Tanks\WT\BA190305A\Block-2,WT,7,[18.33510441 28.86693406  9.50075906 12.255365  ],0.08655352337072485,28.86693405733238,12.255364996892956,30.590469409129987,2.4960879922291537,9.500759062863338,0.7976802639351607,18.33510441223703,11,11_7_F:\Fmr1 SD Tanks\WT\BA190305A\Block-2
9,F:\Fmr1 SD Tanks\WT\BA190305A\Block-2,WT,10,[27.93652025 23.16222652 13.66247127  4.12046608],0.9518635633476434,23.16222652120023,4.120466076555797,32.05698632957973,7.7799418157994955,13.662471265279635,0.5264129795334559,27.936520253023932,11,11_10_F:\Fmr1 SD Tanks\WT\BA190305A\Block-2
12,F:\Fmr1 SD Tanks\WT\BA190305A\Block-2,WT,13,[25.448143   30.40787833  8.72582775 10.5840326 ],0.0392693553230572,30.407878330860093,10.5840326013322,36.03217559792648,3.40439008033584,8.725827752935484,0.8489457015079006,25.44814299659428,11,11_13_F:\Fmr1 SD Tanks\WT\BA190305A\Block-2
16,F:\Fmr1 SD Tanks\WT\BA190305C\Block-2,WT,1,[31.53320275  3.974561    4.34998854 33.41837966],3.5564400267418246,3.974560997666735,33.418379656747106,64.95158240471899,1.9435886201503905,4.349988543037467,0.8634263369554372,31.533202747971885,11,11_1_F:\Fmr1 SD Tanks\WT\BA190305C\Block-2
17,F:\Fmr1 SD Tanks\WT\BA190305C\Block-2,WT,3,[37.75897137  3.14538303  6.51515953 19.53748287],1.4076089005499168,3.14538303466513,19.537482869115493,57.29645423522751,2.9326425834415306,6.51515953037225,0.9145198601144069,37.758971366112014,11,11_3_F:\Fmr1 SD Tanks\WT\BA190305C\Block-2
20,F:\Fmr1 SD Tanks\WT\BA190305C\Block-2,WT,6,[30.48683981  3.96675232  4.54794206  5.9230547 ],3.184279371026832,3.966752321489882,5.923054704919243,36.409894510612,6.147148105921204,4.54794206451288,0.967526140846856,30.486839805692757,11,11_6_F:\Fmr1 SD Tanks\WT\BA190305C\Block-2
22,F:\Fmr1 SD Tanks\WT\BA190305C\Block-2,WT,11,[36.93783878  4.09179372  4.52608524  9.83705368],4.018965713115108,4.091793718726611,9.837053684855146,46.7748924678646,4.7549697263396995,4.526085236435254,0.946110226993631,36.937838783009454,11,11_11_F:\Fmr1 SD Tanks\WT\BA190305C\Block-2
25,F:\Fmr1 SD Tanks\WT\BA190305C\Block-2,WT,14,[28.19905532  3.25970028  6.51197839 33.68025643],1.1207699799342663,3.259700279155749,33.68025642962668,61.87931175022795,1.8372577382099768,6.511978387338372,0.82274430083913,28.199055320601268,11,11_14_F:\Fmr1 SD Tanks\WT\BA190305C\Block-2
26,F:\Fmr1 SD Tanks\WT\BA190305C\Block-2,WT,16,[26.42206016  5.47511956  4.53948867 20.81620211],3.4711246989616025,5.475119560830986,20.81620210708089,47.238262267297074,2.2693026337992936,4.539488671006768,0.7887257686880269,26.422060160216184,11,11_16_F:\Fmr1 SD Tanks\WT\BA190305C\Block-2
27,F:\Fmr1 SD Tanks\WT\BA190305E\Block-2,WT,1,[33.97523475 16.60137928  9.70811626  9.0599785 ],1.6642298408697795,16.601379281359964,9.059978503438805,43.03521325718461,4.750034808675337,9.708116264192379,0.8789039820817813,33.9752347537458,11,11_1_F:\Fmr1 SD Tanks\WT\BA190305E\Block-2
28,F:\Fmr1 SD Tanks\WT\BA190305E\Block-2,WT,2,[39.84378597 19.5550075   8.82282172 13.67915297],1.0651107226422596,19.55500750396885,13.679152972027053,53.52293894592642,3.9127378029456374,8.822821722400457,0.8396454783516151,39.843785973899365,11,11_2_F:\Fmr1 SD Tanks\WT\BA190305E\Block-2
29,F:\Fmr1 SD Tanks\WT\BA190305E\Block-2,WT,4,[46.73491298 15.61323828  9.24504284 17.89812937],2.466860552985395,15.613238281322829,17.89812936666769,64.63304234621657,3.611161871842593,9.245042839681757,0.8460101131393991,46.73491297954888,11,11_4_F:\Fmr1 SD Tanks\WT\BA190305E\Block-2
30,F:\Fmr1 SD Tanks\WT\BA190305E\Block-2,WT,5,[35.51441971 16.85488425 10.79346497 21.59792562],1.738565740083686,16.854884252450788,21.597925619322638,57.112345332513584,2.644344014288941,10.793464968162215,0.7708801718668818,35.51441971319095,11,11_5_F:\Fmr1 SD Tanks\WT\BA190305E\Block-2
31,F:\Fmr1 SD Tanks\WT\BA190305E\Block-2,WT,7,[52.74853275 18.46133471  7.41120069 15.92685476],1.1163696166605064,18.461334705671145,15.926854762092463,68.67538751341915,4.311924013828115,7.411200686619474,0.8910150261363823,52.74853275132669,11,11_7_F:\Fmr1 SD Tanks\WT\BA190305E\Block-2
32,F:\Fmr1 SD Tanks\WT\BA190305E\Block-2,WT,8,[36.15080791 15.36227056  8.15819834 13.68508457],1.8269648029090033,15.362270555707815,13.685084565698642,49.83589247893693,3.641621083135246,8.158198340403834,0.7966131670521532,36.15080791323828,11,11_8_F:\Fmr1 SD Tanks\WT\BA190305E\Block-2
33,F:\Fmr1 SD Tanks\WT\BA190305E\Block-2,WT,9,[25.28455656 16.35336166  8.02665673 16.93970578],0.9671483855555606,16.35336166066545,16.93970577748281,42.224262335452295,2.4926207627277157,8.026656734007869,0.7264923646560799,25.284556557969484,11,11_9_F:\Fmr1 SD Tanks\WT\BA190305E\Block-2
34,F:\Fmr1 SD Tanks\WT\BA190305E\Block-2,WT,10,[45.66288675 17.05355152  6.44050318 13.39317207],0.9874307469459608,17.053551520956077,13.393172065610662,59.05605881847065,4.409415374428551,6.440503181486255,0.9477842556722124,45.66288675285999,11,11_10_F:\Fmr1 SD Tanks\WT\BA190305E\Block-2
35,F:\Fmr1 SD Tanks\WT\BA190305E\Block-2,WT,12,[39.25329876 16.83781312 10.05992241 22.68608641],1.903442907291719,16.837813119726864,22.68608641204619,61.939385168654795,2.730280756391958,10.059922411391508,0.8594887399963984,39.2532987566086,11,11_12_F:\Fmr1 SD Tanks\WT\BA190305E\Block-2
36,F:\Fmr1 SD Tanks\WT\BA190305E\Block-2,WT,13,[50.73801998 18.80839411  6.5601426  15.0541439 ],0.5903183168953774,18.80839410942061,15.05414389695717,65.79216388010637,4.370369004736607,6.560142601249033,0.953442675233535,50.7380199831492,11,11_13_F:\Fmr1 SD Tanks\WT\BA190305E\Block-2
38,F:\Fmr1 SD Tanks\WT\BA190305E\Block-2,WT,15,[35.3004978  18.24953979  8.87225303 17.50045587],1.1686451225401129,18.24953978678845,17.5004558707302,52.80095366751932,3.0171187572221925,8.87225302575665,0.8089738553707626,35.300497796789124,11,11_15_F:\Fmr1 SD Tanks\WT\BA190305E\Block-2
39,F:\Fmr1 SD Tanks\WT\BA190305E\Block-2,WT,16,[28.9795092  19.43159283  8.06936186 16.08802959],0.7162797400539488,19.43159282902151,16.08802958996119,45.06753878506565,2.8013087950302786,8.06936186173251,0.7038987983195979,28.97950919510446,11,11_16_F:\Fmr1 SD Tanks\WT\BA190305E\Block-2
40,F:\Fmr1 SD Tanks\WT\BA190305F\Block-2,WT,1,[45.94004822  1.98192803  4.58296495  6.62460917],1.1589743124318375,1.9819280310120622,6.624609168038372,52.564657388491966,7.934756006754283,4.5829649513983215,0.9828313740004896,45.94004822045359,11,11_1_F:\Fmr1 SD Tanks\WT\BA190305F\Block-2
41,F:\Fmr1 SD Tanks\WT\BA190305F\Block-2,WT,2,[49.04197439  2.35347813  8.67995472 12.55397873],0.5036854549445025,2.3534781313722046,12.553978731454462,61.59595312397961,4.906488567616309,8.679954717770718,0.977232720102334,49.04197439252515,11,11_2_F:\Fmr1 SD Tanks\WT\BA190305F\Block-2
42,F:\Fmr1 SD Tanks\WT\BA190305F\Block-2,WT,3,[31.14580148 -0.11197446  3.66095243  3.11634498],3.198670968451722,-0.11197446113859437,3.1163449789506936,34.26214646233678,10.994336857363336,3.660952434202027,0.9807445035380266,31.145801483386087,11,11_3_F:\Fmr1 SD Tanks\WT\BA190305F\Block-2
43,F:\Fmr1 SD Tanks\WT\BA190305F\Block-2,WT,4,[57.13463729  4.93898002  5.11143307  4.81832552],5.985224223081786,4.938980019715168,4.818325518110236,61.95296280582187,12.857778614783177,5.111433073676493,0.975978101207468,57.134637287711634,11,11_4_F:\Fmr1 SD Tanks\WT\BA190305F\Block-2
44,F:\Fmr1 SD Tanks\WT\BA190305F\Block-2,WT,5,[55.3892677   4.13027498  6.22536942  8.35464366],3.424756762626657,4.130274978131658,8.35464365691004,63.74391135995117,7.629758249141989,6.225369420382049,0.9825886745408007,55.38926770304113,11,11_5_F:\Fmr1 SD Tanks\WT\BA190305F\Block-2
45,F:\Fmr1 SD Tanks\WT\BA190305F\Block-2,WT,7,[32.08372315  5.42477932  4.2920862   4.83876585],4.497390874469431,5.424779319347167,4.838765851752268,36.9224890013076,7.630559141012541,4.292086202356525,0.9635489528695842,32.08372314955533,11,11_7_F:\Fmr1 SD Tanks\WT\BA190305F\Block-2
46,F:\Fmr1 SD Tanks\WT\BA190305F\Block-2,WT,8,[33.32114866  7.27205579 10.10860142  2.57877727],1.5599806085120347,7.272055792462202,2.5787772722021236,35.89992593472746,13.921297632684286,10.10860142034765,0.9188963381964764,33.32114866252534,11,11_8_F:\Fmr1 SD Tanks\WT\BA190305F\Block-2
47,F:\Fmr1 SD Tanks\WT\BA190305F\Block-2,WT,9,[31.28466419  8.46819139 10.63438422  3.32653234],1.5284167069751218,8.468191387931537,3.3265323384032963,34.61119652641998,10.404587421817467,10.634384216555196,0.8900560461812801,31.284664188016684,11,11_9_F:\Fmr1 SD Tanks\WT\BA190305F\Block-2
48,F:\Fmr1 SD Tanks\WT\BA190305F\Block-2,WT,10,[26.07509431  7.24116186 12.08731688  1.91821625],0.8896940226321702,7.241161857480939,1.9182162534556757,27.993310565428875,14.593407033747521,12.087316880077278,0.871033802565492,26.0750943119732,11,11_10_F:\Fmr1 SD Tanks\WT\BA190305F\Block-2
49,F:\Fmr1 SD Tanks\WT\BA190305F\Block-2,WT,12,[57.90351448  3.64694642  6.26926571  6.70007124],2.967454701519045,3.646946416662392,6.700071242933117,64.60358572537989,9.642223699265937,6.269265706045328,0.9759394745110537,57.90351448244677,11,11_12_F:\Fmr1 SD Tanks\WT\BA190305F\Block-2
50,F:\Fmr1 SD Tanks\WT\BA190305F\Block-2,WT,13,[47.83514983  4.97078415  4.9767832   3.6923383 ],5.246349186549537,4.9707841496057545,3.692338300955393,51.5274881333889,13.95524568267652,4.97678320254526,0.9879792733747319,47.83514983243351,11,11_13_F:\Fmr1 SD Tanks\WT\BA190305F\Block-2
51,F:\Fmr1 SD Tanks\WT\BA190305F\Block-2,WT,14,[48.52677449  1.82855608  3.8086407   7.44603713],1.4758388669378062,1.8285560830677299,7.446037128135328,55.97281162202336,7.517127655800494,3.808640695770997,0.9851202099702271,48.52677449388803,11,11_14_F:\Fmr1 SD Tanks\WT\BA190305F\Block-2
52,F:\Fmr1 SD Tanks\WT\BA190305F\Block-2,WT,15,[48.98682385  2.43454739  7.46528904 12.54749886],0.8043052030615171,2.4345473920578584,12.547498864820605,61.534322718470214,4.904110642400124,7.465289042648277,0.9798680574473312,48.98682385364961,11,11_15_F:\Fmr1 SD Tanks\WT\BA190305F\Block-2
53,F:\Fmr1 SD Tanks\WT\BA190305F\Block-2,WT,16,[49.33437359  0.38909793  8.37801524 12.25647366],0.7825336165723228,0.38909792689998035,12.256473657948986,61.59084724629313,5.0251686549620365,8.378015244639236,0.9819101689160415,49.33437358834414,11,11_16_F:\Fmr1 SD Tanks\WT\BA190305F\Block-2
54,F:\Fmr1 SD Tanks\WT\BA190305G\Block-2,WT,1,[26.07110534  3.46571587  4.62447903 10.04643178],2.2360305582225237,3.4657158672733277,10.04643177901784,36.11753711537797,3.59506120280537,4.624479031449796,0.9653278574968965,26.07110533636013,11,11_1_F:\Fmr1 SD Tanks\WT\BA190305G\Block-2
55,F:\Fmr1 SD Tanks\WT\BA190305G\Block-2,WT,2,[26.12537151  3.5742869   4.84931036 12.12486435],2.1453697364393065,3.5742869028530224,12.124864346238732,38.25023585430386,3.154693921682473,4.849310359157563,0.9489286310189733,26.12537150806513,11,11_2_F:\Fmr1 SD Tanks\WT\BA190305G\Block-2
56,F:\Fmr1 SD Tanks\WT\BA190305G\Block-2,WT,3,[26.71647834  2.87369719  3.40073145  7.9097285 ],3.0156733444641755,2.8736971895242887,7.909728496433756,34.62620683612523,4.377673247790627,3.4007314528458115,0.9830935061289205,26.71647833969147,11,11_3_F:\Fmr1 SD Tanks\WT\BA190305G\Block-2
57,F:\Fmr1 SD Tanks\WT\BA190305G\Block-2,WT,4,[32.60648674  4.76606266  3.25562061  2.84538017],6.072485520824954,4.766062660428005,2.8453801678407094,35.45186690332185,12.459448232615404,3.255620610419105,0.9719136870776142,32.60648673548114,11,11_4_F:\Fmr1 SD Tanks\WT\BA190305G\Block-2
58,F:\Fmr1 SD Tanks\WT\BA190305G\Block-2,WT,5,[39.36424099  4.61000008  3.44911184  8.21669786],6.872885320063914,4.610000084449941,8.216697858933466,47.580938848402255,5.790761649665709,3.4491118416056157,0.973690324697944,39.36424098946879,11,11_5_F:\Fmr1 SD Tanks\WT\BA190305G\Block-2
60,F:\Fmr1 SD Tanks\WT\BA190305G\Block-2,WT,11,[35.1013174  -5.46584206  8.63923729  7.82283333],2.360637605036686,-5.465842057337058,7.8228333333322935,42.9241507316602,5.487033776977554,8.639237293031224,0.868292113125716,35.10131739832791,11,11_11_F:\Fmr1 SD Tanks\WT\BA190305G\Block-2
61,F:\Fmr1 SD Tanks\WT\BA190305G\Block-2,WT,12,[35.66540355  4.6160105   2.99050052  4.79842903],7.208789346968557,4.616010499134292,4.79842903280635,40.463832579716666,8.432725023767098,2.990500524832824,0.9591007404621706,35.66540354691031,11,11_12_F:\Fmr1 SD Tanks\WT\BA190305G\Block-2
62,F:\Fmr1 SD Tanks\WT\BA190305G\Block-2,WT,13,[19.37982523  5.07899329  3.26123274  2.63660738],3.559961363919228,5.078993288083186,2.6366073754997044,22.016432608554574,8.35028863726132,3.2612327366400526,0.8650654059039281,19.37982523305487,11,11_13_F:\Fmr1 SD Tanks\WT\BA190305G\Block-2
63,F:\Fmr1 SD Tanks\WT\BA190305G\Block-2,WT,14,[27.3004932   3.23838307  3.452069    7.68128683],3.5848250817593903,3.2383830690536035,7.681286829920912,34.98178002854287,4.5541561984482035,3.452068998436856,0.9640491405605598,27.30049319862196,11,11_14_F:\Fmr1 SD Tanks\WT\BA190305G\Block-2
64,F:\Fmr1 SD Tanks\WT\BA190305G\Block-2,WT,15,[34.95325361  4.06740269  3.16588168  7.28894505],6.486724984711144,4.067402689081941,7.288945047637792,42.242198661033186,5.795378945094815,3.1658816807023045,0.9669918924601392,34.95325361339539,11,11_15_F:\Fmr1 SD Tanks\WT\BA190305G\Block-2
65,F:\Fmr1 SD Tanks\WT\BA190305G\Block-2,WT,16,[25.98562523  3.9294718   4.19360873 11.91347438],3.077397165185402,3.9294717965164123,11.913474377045915,37.89909960720739,3.18119621596105,4.193608731756657,0.9109060892443916,25.985625230161475,11,11_16_F:\Fmr1 SD Tanks\WT\BA190305G\Block-2
69,F:\Fmr1 SD Tanks\WT\BA190305H\Block-2,WT,5,[41.89335818  9.37855976  4.25662164 19.2428304 ],2.7916506052605423,9.378559757700037,19.242830402223593,61.1361885802628,3.1770891964624,4.256621639763596,0.6191452533146883,41.89335817803921,11,11_5_F:\Fmr1 SD Tanks\WT\BA190305H\Block-2
218,F:\Fmr1 SD Tanks\WT\BA190313E\Block-3,WT,1,[16.94677741 16.32574185 11.7730958  12.8086779 ],0.8306049545936388,16.325741847303796,12.80867790350482,29.75545531060095,2.323069994793062,11.773095795621515,0.5815185112236152,16.94677740709613,14,14_1_F:\Fmr1 SD Tanks\WT\BA190313E\Block-3
227,F:\Fmr1 SD Tanks\WT\BA190313I\Block-3,WT,11,[30.13055358  8.31226175  5.42995966 31.50056712],3.189030020323002,8.312261748229936,31.500567122112273,61.63112069864257,1.956508289508849,5.429959656826117,0.7019664992807839,30.130553576530296,14,14_11_F:\Fmr1 SD Tanks\WT\BA190313I\Block-3
231,F:\Fmr1 SD Tanks\WT\BA190313J\Block-3,WT,1,[41.88847231 17.98717691 28.42644711  8.76569972],0.702856623036041,17.987176913688785,8.765699724851185,50.654172033289115,5.778679811456702,28.426447105553247,0.6024317308308463,41.888472308437926,14,14_1_F:\Fmr1 SD Tanks\WT\BA190313J\Block-3
236,F:\Fmr1 SD Tanks\WT\BA190313J\Block-3,WT,6,[51.58968014 18.65652562 21.83920627 10.09549466],1.343936130382417,18.65652561681881,10.095494655053383,61.68517479856315,6.110168635242269,21.839206265148817,0.717216920869522,51.58968014350977,14,14_6_F:\Fmr1 SD Tanks\WT\BA190313J\Block-3
237,F:\Fmr1 SD Tanks\WT\BA190313J\Block-3,WT,11,[37.3345649  14.23473135 22.50692834 20.20057197],0.7738616954355847,14.234731352112592,20.200571973599494,57.53513687298998,2.848193454531076,22.506928342024647,0.7971146633817753,37.334564899390486,14,14_11_F:\Fmr1 SD Tanks\WT\BA190313J\Block-3
240,F:\Fmr1 SD Tanks\WT\BA190313J\Block-3,WT,14,[40.41480877  9.16017203 41.37065969  1.6772273 ],0.1631021440573477,9.16017203364605,1.6772273026244326,42.09203607234554,25.096202528114258,41.370659688646136,0.5623620905297347,40.41480876972111,14,14_14_F:\Fmr1 SD Tanks\WT\BA190313J\Block-3
242,F:\Fmr1 SD Tanks\WT\BA190313J\Block-3,WT,16,[45.19738412 19.9137075  22.82069511  4.32152722],1.1386406526980863,19.913707497821413,4.321527222832301,49.51891134055481,11.458660049374961,22.82069510727184,0.5473649098889561,45.19738411772251,14,14_16_F:\Fmr1 SD Tanks\WT\BA190313J\Block-3
243,F:\Fmr1 SD Tanks\WT\BA190326A\Block-3,WT,1,[36.19706614  7.78908315  4.08612682 16.85828068],4.1822674875291455,7.789083148874654,16.8582806804603,53.05534681757486,3.147138656854195,4.086126821607991,0.9070650062769421,36.19706613711456,15,15_1_F:\Fmr1 SD Tanks\WT\BA190326A\Block-3
244,F:\Fmr1 SD Tanks\WT\BA190326A\Block-3,WT,2,[38.33349519  5.93952377  2.08462287 11.98478995],2.958280115539224,5.939523769851692,11.984789952595158,50.318285143651885,4.198512059258584,2.084622871024077,0.8628286337153583,38.33349519105673,15,15_2_F:\Fmr1 SD Tanks\WT\BA190326A\Block-3
245,F:\Fmr1 SD Tanks\WT\BA190326A\Block-3,WT,3,[50.57012952  9.11974582  4.92457238  9.11740494],4.866686984961177,9.119745818395947,9.117404940208958,59.68753445616389,6.546548590041668,4.924572375800828,0.9726616168471018,50.57012951595493,15,15_3_F:\Fmr1 SD Tanks\WT\BA190326A\Block-3
246,F:\Fmr1 SD Tanks\WT\BA190326A\Block-3,WT,5,[30.02788368  5.02789725  3.69489781  6.10473352],4.9243230451523345,5.027897252220733,6.104733518152504,36.13261720047103,5.918786969657271,3.694897812852837,0.9662912197154231,30.027883682318528,15,15_5_F:\Fmr1 SD Tanks\WT\BA190326A\Block-3
247,F:\Fmr1 SD Tanks\WT\BA190326A\Block-3,WT,11,[29.02125486  7.45794602  3.86258141 11.46121995],3.53726248363273,7.457946024923702,11.461219954937114,40.48247481481924,3.5321261588196577,3.8625814091186865,0.9026626096592133,29.021254859882127,15,15_11_F:\Fmr1 SD Tanks\WT\BA190326A\Block-3
248,F:\Fmr1 SD Tanks\WT\BA190326A\Block-3,WT,12,[17.71006325  2.64243583  5.72011761  5.9150166 ],0.5997718339756375,2.6424358306983766,5.915016597961978,23.625079849505276,3.994085132008811,5.720117607906932,0.865390828228447,17.710063251543296,15,15_12_F:\Fmr1 SD Tanks\WT\BA190326A\Block-3
249,F:\Fmr1 SD Tanks\WT\BA190326A\Block-3,WT,14,[35.3324013   6.85200694  3.60206883  8.1420473 ],4.846453592577404,6.852006942045261,8.142047299512361,43.474448594995344,5.339498408170521,3.6020688279522406,0.9450549316188025,35.33240129548298,15,15_14_F:\Fmr1 SD Tanks\WT\BA190326A\Block-3
250,F:\Fmr1 SD Tanks\WT\BA190326A\Block-3,WT,15,[30.12173477  4.77491835  2.83813355  5.33175153],6.258872941877768,4.774918347002527,5.331751533075861,35.45348629974005,6.649500840352759,2.838133547201472,0.9385773344155095,30.12173476666419,15,15_15_F:\Fmr1 SD Tanks\WT\BA190326A\Block-3
251,F:\Fmr1 SD Tanks\WT\BA190326A\Block-3,WT,16,[34.78525023  7.58636607  3.86095923 11.43109776],4.11221093337133,7.58636606657949,11.431097764259281,46.216347998424254,4.043036718916471,3.8609592328966595,0.9129340547882997,34.78525023416498,15,15_16_F:\Fmr1 SD Tanks\WT\BA190326A\Block-3
259,F:\Fmr1 SD Tanks\WT\BA190326C\Block-3,WT,15,[24.05761671 46.78767843  8.45332326 15.32656871],1.0115019932754876e-05,46.78767843081911,15.326568707554898,39.384185416715255,2.569667494936533,8.45332325633204,0.5837450179729864,24.057616709160357,15,15_15_F:\Fmr1 SD Tanks\WT\BA190326C\Block-3
261,F:\Fmr1 SD Tanks\WT\BA190326E\Block-3,WT,2,[13.04612393  5.76079232  2.69399648  5.30495217],1.7956746745539929,5.760792322231778,5.304952172301397,18.351076102202022,3.4592349763336223,2.693996480406337,0.8996718235380202,13.046123929900624,15,15_2_F:\Fmr1 SD Tanks\WT\BA190326E\Block-3
262,F:\Fmr1 SD Tanks\WT\BA190326E\Block-3,WT,4,[8.23328366 4.79546729 2.02349869 3.4781962 ],1.314188900503055,4.795467292199235,3.4781961956336986,11.711479853008322,3.3671130650163303,2.0234986947105025,0.8068472222506465,8.233283657374624,15,15_4_F:\Fmr1 SD Tanks\WT\BA190326E\Block-3
264,F:\Fmr1 SD Tanks\WT\BA190326E\Block-3,WT,12,[18.11611475  5.62063947  2.44323635  6.70625931],2.3452130153422956,5.620639468298392,6.706259305886613,24.822374051887103,3.7013740327783844,2.443236346199814,0.9484373816453351,18.11611474600049,15,15_12_F:\Fmr1 SD Tanks\WT\BA190326E\Block-3
265,F:\Fmr1 SD Tanks\WT\BA190326E\Block-3,WT,13,[9.93087725 5.31655458 2.33435949 4.01655367],1.4232944424374947,5.316554577012903,4.016553668926739,13.947430923897954,3.472487130397249,2.334359494604637,0.9265968378300772,9.930877254971215,15,15_13_F:\Fmr1 SD Tanks\WT\BA190326E\Block-3
266,F:\Fmr1 SD Tanks\WT\BA190326E\Block-3,WT,15,[13.36023082  6.90811225  3.04165258  4.88762709],1.2934899598970873,6.9081122546329805,4.887627087781677,18.247857911546845,3.7334799860577967,3.0416525837538675,0.8861450133790927,13.360230823765168,15,15_15_F:\Fmr1 SD Tanks\WT\BA190326E\Block-3
267,F:\Fmr1 SD Tanks\WT\BA190326E\Block-3,WT,16,[13.88816774  6.15523089  2.73589198  8.0767771 ],1.6206835456777922,6.155230893819949,8.076777101506515,21.964944837955432,2.7195185111470312,2.735891984513839,0.8849762369148698,13.888167736448917,15,15_16_F:\Fmr1 SD Tanks\WT\BA190326E\Block-3
270,F:\Fmr1 SD Tanks\WT\BA190326G\Block-3,WT,3,[27.72998345 28.57309271  9.45562013 13.92246966],0.13508235117143386,28.573092713061303,13.922469660649876,41.65245310926778,2.9917431407297834,9.455620127921993,0.9669345817271419,27.729983448617908,15,15_3_F:\Fmr1 SD Tanks\WT\BA190326G\Block-3
271,F:\Fmr1 SD Tanks\WT\BA190326G\Block-3,WT,6,[32.01078655 23.64444625 11.1107047  11.71299139],0.7490551922728627,23.644446250265926,11.71299139118765,43.72377794500884,3.7329300846156794,11.110704702208029,0.7088827497992212,32.01078655382119,15,15_6_F:\Fmr1 SD Tanks\WT\BA190326G\Block-3
272,F:\Fmr1 SD Tanks\WT\BA190326G\Block-3,WT,11,[23.62981931 27.08773188  8.3615977  11.35002162],0.07872421790011686,27.087731884021668,11.350021624876518,34.97984093735368,3.081918439757531,8.361597700567636,0.8753677444245203,23.62981931247716,15,15_11_F:\Fmr1 SD Tanks\WT\BA190326G\Block-3
273,F:\Fmr1 SD Tanks\WT\BA190326G\Block-3,WT,14,[25.85080898 29.35905281 10.52585115 16.14708371],0.21599825625884247,29.359052808205696,16.147083712588607,41.99789269440856,2.600958379974591,10.525851146414885,0.8855462756412815,25.850808981819956,15,15_14_F:\Fmr1 SD Tanks\WT\BA190326G\Block-3
312,/media/dawg/Auerbach_HD_WG/Fmr1 SD Tanks/WT/BA180409C/Block-3,WT,1,[47.04530504 18.5531417  19.18465319 14.3799328 ],1.4576673766697466,18.553141704799767,14.379932804346552,61.42523784095263,4.27159421929885,19.184653191036134,0.7541867055623086,47.04530503660608,7,7_1_/media/dawg/Auerbach_HD_WG/Fmr1 SD Tanks/WT/BA180409C/Block-3
313,/media/dawg/Auerbach_HD_WG/Fmr1 SD Tanks/WT/BA180409C/Block-3,WT,2,[47.04530504 18.5531417  19.18465319 14.3799328 ],1.4576673766697466,18.553141704799767,14.379932804346552,61.42523784095263,4.27159421929885,19.184653191036134,0.7541867055623086,47.04530503660608,7,7_2_/media/dawg/Auerbach_HD_WG/Fmr1 SD Tanks/WT/BA180409C/Block-3
315,/media/dawg/Auerbach_HD_WG/Fmr1 SD Tanks/WT/BA180409C/Block-3,WT,4,[43.72517947 16.99032009 16.13642991 12.8783074 ],1.6356238141668198,16.99032009415719,12.878307396474625,56.603486867039486,4.3952582528457445,16.136429911029015,0.599538602215702,43.72517947056486,7,7_4_/media/dawg/Auerbach_HD_WG/Fmr1 SD Tanks/WT/BA180409C/Block-3
316,/media/dawg/Auerbach_HD_WG/Fmr1 SD Tanks/WT/BA180409C/Block-3,WT,5,[44.10474586 18.36709883 18.35663883 13.4408787 ],1.439148432780257,18.36709883046108,13.440878702692313,57.545624560333195,4.281388578323109,18.356638827066703,0.616422367960755,44.10474585764088,7,7_5_/media/dawg/Auerbach_HD_WG/Fmr1 SD Tanks/WT/BA180409C/Block-3
318,/media/dawg/Auerbach_HD_WG/Fmr1 SD Tanks/WT/BA180409C/Block-3,WT,7,[31.62594772 17.49378483 15.28476967 11.5148121 ],1.2546530239632148,17.493784828782005,11.514812099717341,43.140759815055645,3.7465448364645604,15.284769673662211,0.5052643472505227,31.625947715338306,7,7_7_/media/dawg/Auerbach_HD_WG/Fmr1 SD Tanks/WT/BA180409C/Block-3
321,/media/dawg/Auerbach_HD_WG/Fmr1 SD Tanks/WT/BA180409C/Block-3,WT,10,[28.0628196  15.79652439 13.02684385 10.89040284],1.3000192362611074,15.79652438962512,10.890402836246823,38.95322243375841,3.576839444736548,13.026843854414924,0.5066638854017027,28.06281959751159,7,7_10_/media/dawg/Auerbach_HD_WG/Fmr1 SD Tanks/WT/BA180409C/Block-3
323,/media/dawg/Auerbach_HD_WG/Fmr1 SD Tanks/WT/BA180409C/Block-3,WT,12,[52.03954186 18.66247841 16.26702668 11.54737562],1.9389692202054218,18.66247841325022,11.547375615839043,63.58691747446003,5.506612029424294,16.267026677629293,0.6346952043671095,52.039541858620986,7,7_12_/media/dawg/Auerbach_HD_WG/Fmr1 SD Tanks/WT/BA180409C/Block-3
324,/media/dawg/Auerbach_HD_WG/Fmr1 SD Tanks/WT/BA180409C/Block-3,WT,13,[35.43643781 16.38040315 14.59648976 13.55140708],1.4724084557826698,16.38040315125825,13.551407082414125,48.98784489359943,3.6149637152566787,14.596489755355556,0.5747052422348302,35.43643781118531,7,7_13_/media/dawg/Auerbach_HD_WG/Fmr1 SD Tanks/WT/BA180409C/Block-3
326,/media/dawg/Auerbach_HD_WG/Fmr1 SD Tanks/WT/BA180409C/Block-3,WT,15,[40.58471991 18.53825174 18.6673406  11.42603054],1.3004874045208226,18.538251737722423,11.426030538435112,52.01075044576735,4.551952690027612,18.667340601924643,0.6720817119715917,40.584719907332236,7,7_15_/media/dawg/Auerbach_HD_WG/Fmr1 SD Tanks/WT/BA180409C/Block-3
327,/media/dawg/Auerbach_HD_WG/Fmr1 SD Tanks/WT/BA180409C/Block-3,WT,16,[40.06876021 18.35717457 18.81213867 13.1088805 ],1.268541190313499,18.357174571325114,13.108880499727103,53.177640714042255,4.056611906344656,18.812138668080337,0.5901483189740269,40.06876021431515,7,7_16_/media/dawg/Auerbach_HD_WG/Fmr1 SD Tanks/WT/BA180409C/Block-3
328,/media/dawg/Auerbach_HD_WG/Fmr1 SD Tanks/WT/BA180409E/Block-3,WT,2,[30.86751295 15.85796535 22.285429   14.63474715],0.7070770958961247,15.857965353278004,14.634747146639617,45.50226009985076,3.109193458822337,22.28542900157411,0.5001260837069823,30.86751295321114,7,7_2_/media/dawg/Auerbach_HD_WG/Fmr1 SD Tanks/WT/BA180409E/Block-3
329,/media/dawg/Auerbach_HD_WG/Fmr1 SD Tanks/WT/BA180409E/Block-3,WT,3,[36.52367075  7.48418942  3.8442698  25.95516218],4.416290001429957,7.484189421069282,25.955162176954573,62.47883292338126,2.4071832993151485,3.844269804910502,0.7600453860862348,36.52367074642669,7,7_3_/media/dawg/Auerbach_HD_WG/Fmr1 SD Tanks/WT/BA180409E/Block-3
391,/media/auerbach1/Auerbach_HD_WG/Fmr1 SD Tanks/WT/BA180507B/Block-3,WT,1,[38.79012833  6.61978791  6.59368271  4.89408699],3.3584621810689437,6.6197879143437435,4.894086991188419,43.68421532137287,8.925917213981752,6.5936827113387455,0.9333245542537995,38.79012833018445,9,9_1_/media/auerbach1/Auerbach_HD_WG/Fmr1 SD Tanks/WT/BA180507B/Block-3
392,/media/auerbach1/Auerbach_HD_WG/Fmr1 SD Tanks/WT/BA180507B/Block-3,WT,2,[38.31101834  8.16340112  8.21219775 10.00237998],2.702983087132793,8.163401120486926,10.002379981170652,48.31339832390479,4.830190256204436,8.212197754949937,0.9244540942705587,38.311018342734144,9,9_2_/media/auerbach1/Auerbach_HD_WG/Fmr1 SD Tanks/WT/BA180507B/Block-3
393,/media/auerbach1/Auerbach_HD_WG/Fmr1 SD Tanks/WT/BA180507B/Block-3,WT,3,[33.47567499  6.23105814  5.25893538  4.5350159 ],3.8188124884541703,6.231058144935476,4.5350159020792695,38.01069088934611,8.381600353797769,5.258935381414461,0.9571517026531385,33.47567498726684,9,9_3_/media/auerbach1/Auerbach_HD_WG/Fmr1 SD Tanks/WT/BA180507B/Block-3
394,/media/auerbach1/Auerbach_HD_WG/Fmr1 SD Tanks/WT/BA180507B/Block-3,WT,4,[39.7000774  10.54375753  6.52691724  4.15453065],3.27249640381666,10.54375753131903,4.1545306489034095,43.85460804443612,10.555851370602252,6.5269172412780225,0.8524050021681703,39.70007739553271,9,9_4_/media/auerbach1/Auerbach_HD_WG/Fmr1 SD Tanks/WT/BA180507B/Block-3
395,/media/auerbach1/Auerbach_HD_WG/Fmr1 SD Tanks/WT/BA180507B/Block-3,WT,5,[50.71483847  9.18497767  6.55035109  6.68449564],4.593855614842823,9.184977671298354,6.684495639613803,57.39933410512699,8.586935679180613,6.550351091700301,0.9436377877658872,50.71483846551319,9,9_5_/media/auerbach1/Auerbach_HD_WG/Fmr1 SD Tanks/WT/BA180507B/Block-3
396,/media/auerbach1/Auerbach_HD_WG/Fmr1 SD Tanks/WT/BA180507B/Block-3,WT,6,[13.17295941  5.01945347  3.92132767  8.34382439],2.0208128788112845,5.0194534714952574,8.343824388465421,21.516783793631426,2.578767576098129,3.9213276657825755,0.8428629782584087,13.172959405166004,9,9_6_/media/auerbach1/Auerbach_HD_WG/Fmr1 SD Tanks/WT/BA180507B/Block-3
397,/media/auerbach1/Auerbach_HD_WG/Fmr1 SD Tanks/WT/BA180507B/Block-3,WT,7,[36.05701782  9.33720078  4.02952217  5.38044203],2.232554115089158,9.337200779189944,5.38044203077835,41.437459851906006,7.701497314693965,4.029522172670186,0.8773093951317836,36.05701782112766,9,9_7_/media/auerbach1/Auerbach_HD_WG/Fmr1 SD Tanks/WT/BA180507B/Block-3
398,/media/auerbach1/Auerbach_HD_WG/Fmr1 SD Tanks/WT/BA180507B/Block-3,WT,10,[31.37649301 10.87406134  6.0814866   4.66389714],2.473904929622961,10.87406134007813,4.663897139548587,36.04039014693867,7.727526801851161,6.081486600317262,0.8402720138876958,31.37649300739008,9,9_10_/media/auerbach1/Auerbach_HD_WG/Fmr1 SD Tanks/WT/BA180507B/Block-3
399,/media/auerbach1/Auerbach_HD_WG/Fmr1 SD Tanks/WT/BA180507B/Block-3,WT,11,[20.77434972  5.5492553   4.45644087  6.53648491],2.8016244826289944,5.549255300613109,6.5364849089952655,27.310834625463585,4.178214285766871,4.456440871196435,0.9124019214784153,20.77434971646832,9,9_11_/media/auerbach1/Auerbach_HD_WG/Fmr1 SD Tanks/WT/BA180507B/Block-3
400,/media/auerbach1/Auerbach_HD_WG/Fmr1 SD Tanks/WT/BA180507B/Block-3,WT,12,[53.41561687  9.2269402   5.46868814  6.12719248],5.1359406494810855,9.226940199191406,6.127192476784112,59.54280935034269,9.717796458320832,5.468688136676416,0.945089180442156,53.41561687355858,9,9_12_/media/auerbach1/Auerbach_HD_WG/Fmr1 SD Tanks/WT/BA180507B/Block-3
401,/media/auerbach1/Auerbach_HD_WG/Fmr1 SD Tanks/WT/BA180507B/Block-3,WT,13,[33.26357523 10.56341702  6.18989352  5.51469673],2.7408354126734475,10.563417022053926,5.514696731891441,38.778271963247896,7.031804983761574,6.189893522695468,0.8671206976396759,33.263575231356455,9,9_13_/media/auerbach1/Auerbach_HD_WG/Fmr1 SD Tanks/WT/BA180507B/Block-3
402,/media/auerbach1/Auerbach_HD_WG/Fmr1 SD Tanks/WT/BA180507B/Block-3,WT,14,[41.14020191  5.93297643  6.71159548  4.51069853],3.2229669290728675,5.932976433162112,4.510698525567692,45.65090044004603,10.120583360046359,6.711595484603131,0.9487677869655174,41.14020191447834,9,9_14_/media/auerbach1/Auerbach_HD_WG/Fmr1 SD Tanks/WT/BA180507B/Block-3
403,/media/auerbach1/Auerbach_HD_WG/Fmr1 SD Tanks/WT/BA180507B/Block-3,WT,15,[39.48158115  8.89767578  8.17007321 13.33125375],2.8931890664551925,8.897675783745271,13.331253748768765,52.812834894687455,3.9615805002260265,8.170073207268045,0.9268109463361057,39.48158114591869,9,9_15_/media/auerbach1/Auerbach_HD_WG/Fmr1 SD Tanks/WT/BA180507B/Block-3
404,/media/auerbach1/Auerbach_HD_WG/Fmr1 SD Tanks/WT/BA180507B/Block-3,WT,16,[41.28919256  3.87968266  9.61774544  7.13222782],0.9727097662448613,3.879682662059623,7.132227822728522,48.421420385156836,6.789101748944501,9.617745439544274,0.9374510280254147,41.28919256242831,9,9_16_/media/auerbach1/Auerbach_HD_WG/Fmr1 SD Tanks/WT/BA180507B/Block-3
405,/media/auerbach1/Auerbach_HD_WG/Fmr1 SD Tanks/WT/BA180507D/Block-3,WT,1,[484.84166203 -30.71755247  14.33226818   5.749965  ],6.4684955738414365,-30.71755247291671,5.749965003539949,490.5916270301146,85.32080225324559,14.332268176007089,0.9816321995809361,484.8416620265746,9,9_1_/media/auerbach1/Auerbach_HD_WG/Fmr1 SD Tanks/WT/BA180507D/Block-3
406,/media/auerbach1/Auerbach_HD_WG/Fmr1 SD Tanks/WT/BA180507D/Block-3,WT,3,[ 69.49910101 -11.24395917  11.74581537   8.52564301],3.566150179068472,-11.243959172363834,8.52564300900745,78.02474401564884,9.151772357019254,11.745815371629257,0.9551055126531443,69.49910100664138,9,9_3_/media/auerbach1/Auerbach_HD_WG/Fmr1 SD Tanks/WT/BA180507D/Block-3
407,/media/auerbach1/Auerbach_HD_WG/Fmr1 SD Tanks/WT/BA180507D/Block-3,WT,4,[348.10533144 -44.13654942  21.87794314   7.42214732],3.90802896852449,-44.1365494157527,7.422147320969858,355.52747876521653,47.900892206860625,21.877943142276028,0.9510522410051996,348.10533144424664,9,9_4_/media/auerbach1/Auerbach_HD_WG/Fmr1 SD Tanks/WT/BA180507D/Block-3
408,/media/auerbach1/Auerbach_HD_WG/Fmr1 SD Tanks/WT/BA180507D/Block-3,WT,5,[148.68497602 -45.58444824  29.15287869  12.38474646],2.2393160353573194,-45.58444823750156,12.38474646096621,161.06972247601985,13.005492117555534,29.152878688599934,0.9377129701635483,148.68497601505365,9,9_5_/media/auerbach1/Auerbach_HD_WG/Fmr1 SD Tanks/WT/BA180507D/Block-3
409,/media/auerbach1/Auerbach_HD_WG/Fmr1 SD Tanks/WT/BA180507D/Block-3,WT,12,[ 73.83223322 -14.25915153  15.97601611   9.21287638],2.8025857623958923,-14.259151528884251,9.21287637582233,83.04510959110118,9.014026261010008,15.976016109959776,0.9716850612071759,73.83223321527885,9,9_12_/media/auerbach1/Auerbach_HD_WG/Fmr1 SD Tanks/WT/BA180507D/Block-3
410,/media/auerbach1/Auerbach_HD_WG/Fmr1 SD Tanks/WT/BA180507D/Block-3,WT,13,[32.73833465  5.02912062  3.77848781  5.54450213],5.240580030729802,5.029120619272849,5.544502127331616,38.2828367746047,6.90464822547177,3.7784878089941687,0.9078895250079269,32.73833464727308,9,9_13_/media/auerbach1/Auerbach_HD_WG/Fmr1 SD Tanks/WT/BA180507D/Block-3
411,/media/auerbach1/Auerbach_HD_WG/Fmr1 SD Tanks/WT/BA180507D/Block-3,WT,15,[ 47.18355785 -10.01826211  15.86639855  12.81988946],1.6639246478433731,-10.018262113393149,12.819889457890753,60.00344730626798,4.680496466319789,15.866398547950267,0.952420192605873,47.18355784837723,9,9_15_/media/auerbach1/Auerbach_HD_WG/Fmr1 SD Tanks/WT/BA180507D/Block-3
75,F:\Fmr1 SD Tanks\KO\BA190306A\Block-3,KO,1,[41.11258422  5.28633101 14.35554408 16.24218966],0.6809882599156935,5.286331008809109,16.242189662221403,57.35477387887394,3.531221779307167,14.355544075146558,0.979834192864589,41.112584216652536,12,12_1_F:\Fmr1 SD Tanks\KO\BA190306A\Block-3
76,F:\Fmr1 SD Tanks\KO\BA190306A\Block-3,KO,2,[35.51254741 11.49525417  9.61211781 26.5630446 ],2.2400966635416353,11.495254172890085,26.5630445969465,62.07559200636592,2.3369155512204234,9.61211781155001,0.8200948954412473,35.512547409419426,12,12_2_F:\Fmr1 SD Tanks\KO\BA190306A\Block-3
77,F:\Fmr1 SD Tanks\KO\BA190306A\Block-3,KO,3,[36.15706973  8.16851899  9.3202174  13.96232205],2.115372525679504,8.16851899347217,13.962322051358358,50.119391779630135,3.58961722808522,9.320217400349888,0.8760245224912032,36.15706972827178,12,12_3_F:\Fmr1 SD Tanks\KO\BA190306A\Block-3
78,F:\Fmr1 SD Tanks\KO\BA190306A\Block-3,KO,4,[40.81246269 13.13918528  9.78075529 11.91223079],2.468057984827965,13.139185283159865,11.912230792643708,52.72469348006727,4.426097378219614,9.780755287492973,0.8320965611615807,40.81246268742356,12,12_4_F:\Fmr1 SD Tanks\KO\BA190306A\Block-3
79,F:\Fmr1 SD Tanks\KO\BA190306A\Block-3,KO,5,[45.16261822 13.23861009 11.22043944 16.48555502],2.440107728673979,13.238610088527826,16.48555501648458,61.64817323379121,3.739526705175937,11.220439441351894,0.8452622351235002,45.16261821730663,12,12_5_F:\Fmr1 SD Tanks\KO\BA190306A\Block-3
80,F:\Fmr1 SD Tanks\KO\BA190306A\Block-3,KO,6,[ 51.5399149  -60.36812888  46.25204091  11.78746865],0.6076820472600275,-60.368128877817234,11.787468651280884,63.3273835491806,5.372432828680239,46.25204090603875,0.8387754621171101,51.53991489789972,12,12_6_F:\Fmr1 SD Tanks\KO\BA190306A\Block-3
81,F:\Fmr1 SD Tanks\KO\BA190306A\Block-3,KO,7,[39.31995021 10.72569443  7.6032061   7.76359879],3.026274481321422,10.725694433125577,7.763598793978191,47.083548999237735,6.064655097293015,7.603206100952089,0.8323088398085668,39.319950205259545,12,12_7_F:\Fmr1 SD Tanks\KO\BA190306A\Block-3
82,F:\Fmr1 SD Tanks\KO\BA190306A\Block-3,KO,10,[24.05139352 11.79061983  7.84832069 11.23710477],1.7245849559088808,11.790619834613587,11.237104771853783,35.288498291348134,3.140355012061225,7.848320694094642,0.8246557709034045,24.05139351949435,12,12_10_F:\Fmr1 SD Tanks\KO\BA190306A\Block-3
83,F:\Fmr1 SD Tanks\KO\BA190306A\Block-3,KO,11,[21.24974789 -3.91965642 17.89463871 19.7862841 ],0.355246453054292,-3.919656419769581,19.786284103993886,41.036031993260124,2.0739635485662995,17.89463871001335,0.8018712458324795,21.24974788926624,12,12_11_F:\Fmr1 SD Tanks\KO\BA190306A\Block-3
84,F:\Fmr1 SD Tanks\KO\BA190306A\Block-3,KO,12,[50.73010993 11.20153545  7.60737971 15.38338057],3.804559261766371,11.201535452117511,15.383380570438339,66.11349050214857,4.297721830349589,7.607379708253048,0.7697894938958436,50.730109931710224,12,12_12_F:\Fmr1 SD Tanks\KO\BA190306A\Block-3
86,F:\Fmr1 SD Tanks\KO\BA190306A\Block-3,KO,14,[41.31535768  9.89722206  9.16893833 20.75509503],2.7010334584076645,9.897222056068788,20.75509502856497,62.07045271350556,2.990612793055334,9.168938325587893,0.9283959353262454,41.315357684940594,12,12_14_F:\Fmr1 SD Tanks\KO\BA190306A\Block-3
87,F:\Fmr1 SD Tanks\KO\BA190306A\Block-3,KO,15,[34.41477153 13.13265882 12.91957475 26.32458264],1.5893079744699887,13.132658817020864,26.324582644291812,60.739354177429206,2.307324488223172,12.91957474631234,0.9303114936208301,34.4147715331374,12,12_15_F:\Fmr1 SD Tanks\KO\BA190306A\Block-3
88,F:\Fmr1 SD Tanks\KO\BA190306A\Block-3,KO,16,[35.36568526 11.11826664 14.12299861 22.71436689],1.326371509691171,11.118266636660843,22.71436688587925,58.08005214260967,2.556974290078763,14.122998613308916,0.9374542397695587,35.365685256730416,12,12_16_F:\Fmr1 SD Tanks\KO\BA190306A\Block-3
90,F:\Fmr1 SD Tanks\KO\BA190306C\Block-3,KO,2,[27.81317283 23.6198697  21.66844326 28.2363889 ],0.7784627285900568,23.619869702051293,28.236388904242396,56.04956173127188,1.9850116784179395,21.66844326026335,0.7260723920836061,27.813172827029483,12,12_2_F:\Fmr1 SD Tanks\KO\BA190306C\Block-3
92,F:\Fmr1 SD Tanks\KO\BA190306C\Block-3,KO,4,[31.49115243 14.39566815 15.08983841 26.3397089 ],1.2266184882037123,14.395668150006474,26.339708897523955,57.83086132514015,2.1955770866767814,15.089838405273868,0.6961553381651995,31.491152427616193,12,12_4_F:\Fmr1 SD Tanks\KO\BA190306C\Block-3
93,F:\Fmr1 SD Tanks\KO\BA190306C\Block-3,KO,5,[29.03845929 17.06947225 24.89801199 23.94715755],0.583939781506615,17.069472245915158,23.947157550420293,52.9856168370991,2.212605680884626,24.898011992155055,0.5021734361272951,29.03845928667881,12,12_5_F:\Fmr1 SD Tanks\KO\BA190306C\Block-3
94,F:\Fmr1 SD Tanks\KO\BA190306C\Block-3,KO,6,[27.10454619 10.37573473 31.72451499  3.29995792],0.21412770099260567,10.375734732689855,3.2999579172924656,30.404504110449924,9.21360358904094,31.72451499104696,0.6911362844864257,27.104546193157457,12,12_6_F:\Fmr1 SD Tanks\KO\BA190306C\Block-3
95,F:\Fmr1 SD Tanks\KO\BA190306C\Block-3,KO,7,[33.6449044  12.91189034  8.46083444 16.34021446],2.19075045979622,12.911890342290254,16.34021446214714,49.985118858380304,3.0590246519819635,8.460834437915544,0.7299413078960353,33.64490439623316,12,12_7_F:\Fmr1 SD Tanks\KO\BA190306C\Block-3
96,F:\Fmr1 SD Tanks\KO\BA190306C\Block-3,KO,10,[34.64414183 10.68409442 14.32697794 21.20629905],1.2343681401461026,10.684094420537082,21.20629904887722,55.850440877077574,2.6336722286312666,14.326977943313647,0.822965395068165,34.644141828200354,12,12_10_F:\Fmr1 SD Tanks\KO\BA190306C\Block-3
97,F:\Fmr1 SD Tanks\KO\BA190306C\Block-3,KO,11,[29.08635324  6.17422835 25.56584751 10.66656731],0.18222754860630627,6.174228345797431,10.666567307068602,39.7529205453198,3.726871016786819,25.565847513028842,0.8585009117465904,29.0863532382512,12,12_11_F:\Fmr1 SD Tanks\KO\BA190306C\Block-3
98,F:\Fmr1 SD Tanks\KO\BA190306C\Block-3,KO,12,[41.14098254 20.50338381 25.73048252  7.72570477],0.8842528803398862,20.503383812361154,7.725704772140047,48.86668731565323,6.325207700386535,25.73048251614316,0.6972842169470767,41.14098254351318,12,12_12_F:\Fmr1 SD Tanks\KO\BA190306C\Block-3
99,F:\Fmr1 SD Tanks\KO\BA190306C\Block-3,KO,13,[31.9168805  18.05421848 12.57687664 20.11639603],1.4284372348072336,18.0542184825267,20.11639603032177,52.033276531220274,2.5866102682006096,12.576876642293078,0.6887540400462084,31.916880500898504,12,12_13_F:\Fmr1 SD Tanks\KO\BA190306C\Block-3
101,F:\Fmr1 SD Tanks\KO\BA190306C\Block-3,KO,15,[22.90202581 22.59085857 18.23098424 31.47861392],0.7506452551098163,22.590858569824434,31.47861392037642,54.380639730272925,1.7275423837855768,18.23098423824995,0.7644086562423684,22.902025809896504,12,12_15_F:\Fmr1 SD Tanks\KO\BA190306C\Block-3
103,F:\Fmr1 SD Tanks\KO\BA190306E\Block-3,KO,1,[32.40801839  1.85966484  2.28417677 20.987219  ],3.2580112879543317,1.8596648440059949,20.987218997686668,53.395237388195405,2.5441787877698774,2.2841767650732527,0.9130337479373616,32.40801839050874,12,12_1_F:\Fmr1 SD Tanks\KO\BA190306E\Block-3
104,F:\Fmr1 SD Tanks\KO\BA190306E\Block-3,KO,2,[45.57048878  2.09012762  3.66820297 16.19880806],2.346312341572343,2.090127624614483,16.198808055358697,61.76929683155614,3.813200120679395,3.6682029744108746,0.9524235568066945,45.57048877619744,12,12_2_F:\Fmr1 SD Tanks\KO\BA190306E\Block-3
105,F:\Fmr1 SD Tanks\KO\BA190306E\Block-3,KO,4,[49.18867371  3.07231742  3.23175457 18.54751652],6.740843433306053,3.0723174245396643,18.547516522654174,67.73619023204876,3.6520355784190786,3.2317545710692595,0.9499620984593664,49.18867370939458,12,12_4_F:\Fmr1 SD Tanks\KO\BA190306E\Block-3
107,F:\Fmr1 SD Tanks\KO\BA190306E\Block-3,KO,7,[34.29579328 -1.92077638  7.82754253 12.28849432],1.7190508835085436,-1.9207763764115144,12.28849432261958,46.58428759833022,3.790886529733912,7.827542528826545,0.9305956399307198,34.295793275710636,12,12_7_F:\Fmr1 SD Tanks\KO\BA190306E\Block-3
108,F:\Fmr1 SD Tanks\KO\BA190306E\Block-3,KO,12,[45.08898384  2.42426537  4.25232758 19.91298291],2.370010815155865,2.4242653681753805,19.912982913007763,65.00196675299514,3.2643008351367535,4.252327582845998,0.9599943138407574,45.08898383998738,12,12_12_F:\Fmr1 SD Tanks\KO\BA190306E\Block-3
109,F:\Fmr1 SD Tanks\KO\BA190306E\Block-3,KO,13,[45.37346148  2.94736891  3.01436717 13.39354242],6.823124719801398,2.9473689144821664,13.393542419288126,58.76700389886192,4.387711783719831,3.0143671732760993,0.9481774262429192,45.3734614795738,12,12_13_F:\Fmr1 SD Tanks\KO\BA190306E\Block-3
110,F:\Fmr1 SD Tanks\KO\BA190306E\Block-3,KO,15,[294.00574727 -29.5264031   16.33266298  17.87406379],5.804869285697122,-29.526403099757484,17.874063789601433,311.87981105798906,17.448735482270735,16.332662982127054,0.9596360792511635,294.0057472683876,12,12_15_F:\Fmr1 SD Tanks\KO\BA190306E\Block-3
111,F:\Fmr1 SD Tanks\KO\BA190306G\Block-3,KO,1,[33.1607799  12.05377916 17.58552196 11.19551636],0.9218004848321469,12.053779158634358,11.195516362497159,44.3562962612831,3.9619696693819515,17.585521957577292,0.8139506045500761,33.16077989878594,12,12_1_F:\Fmr1 SD Tanks\KO\BA190306G\Block-3
112,F:\Fmr1 SD Tanks\KO\BA190306G\Block-3,KO,2,[43.61479761 17.24439122  9.26229851 18.88780887],1.948267133222714,17.24439122123216,18.88780886649967,62.502606479850584,3.3091507290032047,9.262298505162361,0.7909145324211574,43.614797613350916,12,12_2_F:\Fmr1 SD Tanks\KO\BA190306G\Block-3
113,F:\Fmr1 SD Tanks\KO\BA190306G\Block-3,KO,3,[20.32371191 11.79793638 19.85912802 13.07812417],0.44839951449660015,11.797936376046168,13.078124166739602,33.401836077859656,2.554023470950635,19.859128023154838,0.6304195188910824,20.323711911120053,12,12_3_F:\Fmr1 SD Tanks\KO\BA190306G\Block-3
114,F:\Fmr1 SD Tanks\KO\BA190306G\Block-3,KO,4,[34.7580927  18.69146842  7.79966363 19.37545117],0.8069886906270084,18.69146841901989,19.37545117126772,54.13354387099259,2.7939243010386465,7.799663630571792,0.932641102131496,34.75809269972487,12,12_4_F:\Fmr1 SD Tanks\KO\BA190306G\Block-3
115,F:\Fmr1 SD Tanks\KO\BA190306G\Block-3,KO,5,[37.03405078 15.56194837 11.38740913 20.02900845],1.8956393191160712,15.561948371157511,20.029008448425753,57.06305922937527,2.849020677998682,11.387409126734036,0.8553490989647119,37.034050780949514,12,12_5_F:\Fmr1 SD Tanks\KO\BA190306G\Block-3
116,F:\Fmr1 SD Tanks\KO\BA190306G\Block-3,KO,7,[40.32131447 19.33642645  7.86887127 15.27729315],0.8404595954303317,19.336426454611207,15.277293147117824,55.59860761741301,3.639297032661974,7.868871271301357,0.9431672574725619,40.321314470295185,12,12_7_F:\Fmr1 SD Tanks\KO\BA190306G\Block-3
117,F:\Fmr1 SD Tanks\KO\BA190306G\Block-3,KO,8,[38.83448155 13.42667166 12.43745741 14.79374123],1.8849202302106958,13.426671663730431,14.79374123214839,53.62822278679254,3.6250615679455476,12.437457409190436,0.8402735978402884,38.83448155464415,12,12_8_F:\Fmr1 SD Tanks\KO\BA190306G\Block-3
118,F:\Fmr1 SD Tanks\KO\BA190306G\Block-3,KO,10,[38.05350242 15.51667355  9.84736722 14.87593668],2.0358722336411006,15.516673547082464,14.875936676085631,52.929439095087005,3.558057569589934,9.847367223761866,0.8140022314176276,38.053502419001376,12,12_10_F:\Fmr1 SD Tanks\KO\BA190306G\Block-3
119,F:\Fmr1 SD Tanks\KO\BA190306G\Block-3,KO,11,[ 6.12040639 21.69746801 12.93398283  7.84277806],0.2244287496289132,21.697468007185737,7.842778057609385,13.963184447298847,1.7803875546052452,12.933982832184384,0.5012142163065152,6.120406389689462,12,12_11_F:\Fmr1 SD Tanks\KO\BA190306G\Block-3
120,F:\Fmr1 SD Tanks\KO\BA190306G\Block-3,KO,12,[35.57361447 19.44971185  9.50259641 20.80860938],1.1037634827459897,19.449711852405205,20.80860937826081,56.38222384568773,2.7095623172489085,9.502596411286701,0.9290351621819287,35.57361446742692,12,12_12_F:\Fmr1 SD Tanks\KO\BA190306G\Block-3
121,F:\Fmr1 SD Tanks\KO\BA190306G\Block-3,KO,13,[44.86960206 19.41791948  7.21886177 15.98604292],0.6727719064514304,19.417919477555866,15.986042922444653,60.85564498426089,3.8067985479269932,7.218861768510914,0.943043841140174,44.86960206181624,12,12_13_F:\Fmr1 SD Tanks\KO\BA190306G\Block-3
122,F:\Fmr1 SD Tanks\KO\BA190306G\Block-3,KO,14,[23.43860605 10.74496467 23.24806565 12.86460887],0.35246976111125145,10.744964674810452,12.864608870427954,36.30321492001284,2.8219447078149047,23.248065648390455,0.7402070020429519,23.438606049584887,12,12_14_F:\Fmr1 SD Tanks\KO\BA190306G\Block-3
123,F:\Fmr1 SD Tanks\KO\BA190306G\Block-3,KO,15,[41.75121898 14.72118163  7.61029652 18.88452397],2.1732972143695406,14.721181633033043,18.884523972445592,60.63574295743515,3.210869548308909,7.610296523570462,0.8265997945441552,41.751218984989556,12,12_15_F:\Fmr1 SD Tanks\KO\BA190306G\Block-3
124,F:\Fmr1 SD Tanks\KO\BA190306G\Block-3,KO,16,[30.23736382 20.65873352  6.82354567 15.45117324],0.2316980706851268,20.658733515506,15.451173241966599,45.688537061811694,2.9569623190631273,6.823545666846541,0.9121117795501397,30.237363819845093,12,12_16_F:\Fmr1 SD Tanks\KO\BA190306G\Block-3
125,F:\Fmr1 SD Tanks\KO\BA190306I\Block-3,KO,1,[31.75393263 21.2932692  16.36577563 18.76628719],1.1422659355275755,21.29326919693787,18.766287185568043,50.52021981929317,2.692073254540464,16.365775629005448,0.5377488516079004,31.753932633725125,12,12_1_F:\Fmr1 SD Tanks\KO\BA190306I\Block-3
126,F:\Fmr1 SD Tanks\KO\BA190306I\Block-3,KO,2,[33.61982132 22.9185666  18.75169802 22.14459268],1.0746259363259014,22.918566596648247,22.14459268270172,55.76441399773541,2.518195516023009,18.751698015741216,0.5123624531605129,33.61982131503369,12,12_2_F:\Fmr1 SD Tanks\KO\BA190306I\Block-3
127,F:\Fmr1 SD Tanks\KO\BA190306I\Block-3,KO,3,[28.49855557 11.47009337 12.30890851 29.52330787],1.3375978422658363,11.470093366871868,29.523307865426688,58.02186343599726,1.9652900582981032,12.308908510993739,0.8190887774488413,28.498555570570574,12,12_3_F:\Fmr1 SD Tanks\KO\BA190306I\Block-3
130,F:\Fmr1 SD Tanks\KO\BA190306I\Block-3,KO,6,[31.29222027  8.47765552  5.47716548 20.42441925],3.2547199939614297,8.47765552195541,20.424419248278216,51.71663952238583,2.532098410912984,5.477165479925679,0.8444127113144047,31.292220274107617,12,12_6_F:\Fmr1 SD Tanks\KO\BA190306I\Block-3
131,F:\Fmr1 SD Tanks\KO\BA190306I\Block-3,KO,7,[34.05364961 15.98841677 11.60068873 20.41194933],1.7013616002259366,15.9884167703015,20.411949329360734,54.46559894377917,2.668319329278138,11.600688725206565,0.7233454491081586,34.05364961441843,12,12_7_F:\Fmr1 SD Tanks\KO\BA190306I\Block-3
132,F:\Fmr1 SD Tanks\KO\BA190306I\Block-3,KO,8,[21.38254554  9.79363298 15.67349508 16.80120482],0.6090673686287573,9.793632975254091,16.801204822393206,38.183750366253946,2.2726792971038225,15.673495084137272,0.9088068945272927,21.38254554386074,12,12_8_F:\Fmr1 SD Tanks\KO\BA190306I\Block-3
133,F:\Fmr1 SD Tanks\KO\BA190306I\Block-3,KO,10,[27.49222052 16.64950083 14.58968486 23.1300646 ],1.142780212148864,16.649500827504877,23.13006459729477,50.622285119706184,2.188592466171791,14.589684864884429,0.6808110205003766,27.492220522411415,12,12_10_F:\Fmr1 SD Tanks\KO\BA190306I\Block-3
134,F:\Fmr1 SD Tanks\KO\BA190306I\Block-3,KO,11,[30.64413608  9.41973028 22.29412879 15.57500258],0.4315163938173327,9.419730279210489,15.575002577889148,46.21913865393467,2.9675204496947614,22.294128792091847,0.8192346668581206,30.644136076045523,12,12_11_F:\Fmr1 SD Tanks\KO\BA190306I\Block-3
135,F:\Fmr1 SD Tanks\KO\BA190306I\Block-3,KO,12,[59.1889272  23.80675709 27.92417359  3.09819153],1.2168493167763472,23.806757090055523,3.0981915333335976,62.28711873357916,20.104347346969657,27.924173594084998,0.5771831412153565,59.188927200245566,12,12_12_F:\Fmr1 SD Tanks\KO\BA190306I\Block-3
138,F:\Fmr1 SD Tanks\KO\BA190306I\Block-3,KO,15,[55.08791437 15.02993899 36.60744473  6.19625634],0.4975735393486502,15.029938991847912,6.196256339266821,61.28417071111494,9.890515717167128,36.60744473194574,0.6699413523471751,55.087914371848115,12,12_15_F:\Fmr1 SD Tanks\KO\BA190306I\Block-3
139,F:\Fmr1 SD Tanks\KO\BA190306I\Block-3,KO,16,[45.05323019 13.70013856 38.3164225  14.36581274],0.3386132714666701,13.7001385600225,14.365812740590284,59.419042930024084,4.136142103685989,38.31642249672269,0.7117793676258191,45.0532301894338,12,12_16_F:\Fmr1 SD Tanks\KO\BA190306I\Block-3
140,F:\Fmr1 SD Tanks\KO\BA190312A\Block-3,KO,1,[36.43240768  6.90792881  5.42396649 22.4811886 ],4.0739114034238355,6.907928810600743,22.481188601196905,58.913596282226,2.620573018950138,5.423966493526555,0.9484272895761168,36.4324076810291,13,13_1_F:\Fmr1 SD Tanks\KO\BA190312A\Block-3
141,F:\Fmr1 SD Tanks\KO\BA190312A\Block-3,KO,2,[33.32394381  9.33213199 11.43393345 28.70497656],1.556365353749811,9.332131994624175,28.704976564377134,62.02892037075059,2.160911723151464,11.43393345090072,0.9539786366764644,33.32394380637346,13,13_2_F:\Fmr1 SD Tanks\KO\BA190312A\Block-3
142,F:\Fmr1 SD Tanks\KO\BA190312A\Block-3,KO,3,[27.10847584  5.30813878  9.67857094 24.87577925],0.9878087038117654,5.308138783366461,24.87577924867479,51.98425508855162,2.089753835201805,9.678570935482979,0.9790094408933061,27.10847583987683,13,13_3_F:\Fmr1 SD Tanks\KO\BA190312A\Block-3
145,F:\Fmr1 SD Tanks\KO\BA190312A\Block-3,KO,6,[16.74181483  4.53446264  8.64780014 16.43494022],0.6245518012093498,4.534462644221793,16.43494021813615,33.17675504633861,2.0186720855685056,8.647800139289322,0.8934510115803712,16.741814828202465,13,13_6_F:\Fmr1 SD Tanks\KO\BA190312A\Block-3
146,F:\Fmr1 SD Tanks\KO\BA190312A\Block-3,KO,7,[28.77388954  8.80310877  7.81958583 15.44427125],2.215689705309387,8.8031087711898,15.44427125058346,44.21816079384817,2.8630784888718965,7.819585828999556,0.9607625391350945,28.77388954326471,13,13_7_F:\Fmr1 SD Tanks\KO\BA190312A\Block-3
147,F:\Fmr1 SD Tanks\KO\BA190312A\Block-3,KO,10,[23.83756914  8.38825681  6.76532511 10.21998681],2.1370058446379403,8.388256805524009,10.219986810685588,34.05755594638293,3.3324461740766416,6.765325113125059,0.7304126250447984,23.837569135697336,13,13_10_F:\Fmr1 SD Tanks\KO\BA190312A\Block-3
148,F:\Fmr1 SD Tanks\KO\BA190312A\Block-3,KO,11,[19.90235286  1.73669492 15.85550619 24.75002099],0.0025391848623712576,1.7366949244222527,24.750020989941707,44.652373851852175,1.8041347871987137,15.85550618786711,0.9667997384080237,19.90235286191047,13,13_11_F:\Fmr1 SD Tanks\KO\BA190312A\Block-3
149,F:\Fmr1 SD Tanks\KO\BA190312A\Block-3,KO,12,[47.36942346 10.35024873 11.27152683 17.26681734],2.394569299468685,10.350248734304545,17.266817335833938,64.63624079119495,3.7433789640581265,11.271526832682866,0.9391989950642047,47.369423455361016,13,13_12_F:\Fmr1 SD Tanks\KO\BA190312A\Block-3
150,F:\Fmr1 SD Tanks\KO\BA190312A\Block-3,KO,13,[51.15876895  9.41869923  7.94493799 17.19578748],3.9038162157112306,9.418699233254465,17.195787484041105,68.35455643206424,3.9750756687067725,7.944937988474579,0.9754143728623068,51.15876894802314,13,13_13_F:\Fmr1 SD Tanks\KO\BA190312A\Block-3
151,F:\Fmr1 SD Tanks\KO\BA190312A\Block-3,KO,14,[35.43917371  6.20353409 10.53910051 20.21208488],1.310411875721229,6.20353409198679,20.21208488235285,55.651258591472626,2.753365568935527,10.539100512142134,0.9370652716931311,35.43917370911977,13,13_14_F:\Fmr1 SD Tanks\KO\BA190312A\Block-3
152,F:\Fmr1 SD Tanks\KO\BA190312A\Block-3,KO,15,[38.24786381  9.00626891 11.28957987 21.0140043 ],1.7776132093416661,9.006268911422529,21.014004304675144,59.261868116647264,2.820113066383204,11.289579872295521,0.9650408777471562,38.247863811972124,13,13_15_F:\Fmr1 SD Tanks\KO\BA190312A\Block-3
153,F:\Fmr1 SD Tanks\KO\BA190312A\Block-3,KO,16,[31.34092363  9.46080721 12.11512428 29.04455386],1.3426491634049853,9.460807206898636,29.04455386442616,60.38547749406589,2.079063695587563,12.115124276816331,0.9286740314526162,31.34092362963973,13,13_16_F:\Fmr1 SD Tanks\KO\BA190312A\Block-3
154,F:\Fmr1 SD Tanks\KO\BA190312C\Block-3,KO,1,[36.88105805 21.09622339 15.94390064 19.32641475],1.3510524745186103,21.096223386390793,19.326414750836495,56.2074727980398,2.9083238418862454,15.943900638996658,0.6449534679913695,36.88105804720331,13,13_1_F:\Fmr1 SD Tanks\KO\BA190312C\Block-3
155,F:\Fmr1 SD Tanks\KO\BA190312C\Block-3,KO,2,[36.62861033 22.67633841 14.57864026 20.87660244],1.3008987149731865,22.676338406446085,20.87660243828588,57.50521276773797,2.7545292840504736,14.578640261330204,0.7718237929196711,36.628610329452094,13,13_2_F:\Fmr1 SD Tanks\KO\BA190312C\Block-3
156,F:\Fmr1 SD Tanks\KO\BA190312C\Block-3,KO,3,[34.0202575  27.98208951 14.47880232 17.87263374],0.8445330676565276,27.982089513092067,17.872633738453345,51.89289123893781,2.9034831686439793,14.478802319825189,0.8657604741426879,34.02025750048446,13,13_3_F:\Fmr1 SD Tanks\KO\BA190312C\Block-3
157,F:\Fmr1 SD Tanks\KO\BA190312C\Block-3,KO,4,[43.62657366 18.3945884  13.62676585 19.88554698],1.8625352183221364,18.39458839799044,19.885546980430448,63.51212063817015,3.193883512516554,13.626765846327556,0.855598730439193,43.626573657739705,13,13_4_F:\Fmr1 SD Tanks\KO\BA190312C\Block-3
158,F:\Fmr1 SD Tanks\KO\BA190312C\Block-3,KO,5,[41.16152459 19.63826273 17.59160261 23.23472293],1.4191821790632273,19.638262728775782,23.234722926999954,64.39624751628683,2.7715522030802897,17.591602610857056,0.8530890981466462,41.161524589286884,13,13_5_F:\Fmr1 SD Tanks\KO\BA190312C\Block-3
159,F:\Fmr1 SD Tanks\KO\BA190312C\Block-3,KO,6,[25.6304758  22.86461348 16.32649888 20.36392589],0.8872968448869755,22.864613483554443,20.363925887937487,45.99440168650948,2.2586215418194056,16.32649887681432,0.5199804592204194,25.63047579857199,13,13_6_F:\Fmr1 SD Tanks\KO\BA190312C\Block-3
160,F:\Fmr1 SD Tanks\KO\BA190312C\Block-3,KO,7,[49.801364   17.82749136 14.01118499 12.93004967],2.117417968960922,17.827491360581792,12.930049670242383,62.73141366835166,4.8515988157975665,14.01118499319312,0.8875462199143513,49.801363998109274,13,13_7_F:\Fmr1 SD Tanks\KO\BA190312C\Block-3
161,F:\Fmr1 SD Tanks\KO\BA190312C\Block-3,KO,8,[27.90525328 16.22379063 11.71249328 22.66523438],1.3761231205222655,16.223790627747903,22.665234379842225,50.57048765995967,2.2311919132385207,11.712493278271705,0.8058557798349373,27.905253280117442,13,13_8_F:\Fmr1 SD Tanks\KO\BA190312C\Block-3
162,F:\Fmr1 SD Tanks\KO\BA190312C\Block-3,KO,10,[36.69352001 12.25517846 16.00877638 28.18458356],1.2029579139039015,12.25517846417692,28.184583561299995,64.87810357413161,2.3019003787309873,16.00877637730445,0.7980103830902195,36.69352001283162,13,13_10_F:\Fmr1 SD Tanks\KO\BA190312C\Block-3
163,F:\Fmr1 SD Tanks\KO\BA190312C\Block-3,KO,11,[32.80934214 28.48767338 19.06513926 15.98497738],0.9156578030911077,28.487673375082853,15.984977376299565,48.794319512765924,3.0525110148176853,19.065139257291136,0.7401255079424783,32.809342136466356,13,13_11_F:\Fmr1 SD Tanks\KO\BA190312C\Block-3
164,F:\Fmr1 SD Tanks\KO\BA190312C\Block-3,KO,12,[47.91750542 18.79755192 15.68509263 16.4092815 ],1.8432044903704534,18.797551919527653,16.409281501210092,64.32678692343984,3.920146468247016,15.685092628793457,0.8942123953261625,47.91750542222975,13,13_12_F:\Fmr1 SD Tanks\KO\BA190312C\Block-3
165,F:\Fmr1 SD Tanks\KO\BA190312C\Block-3,KO,13,[44.89419609 18.04920689 13.3668289  18.7827805 ],1.9556428487277342,18.049206891402573,18.78278050139292,63.676976595427966,3.39017839188962,13.366828902010425,0.8173382849853824,44.894196094035046,13,13_13_F:\Fmr1 SD Tanks\KO\BA190312C\Block-3
166,F:\Fmr1 SD Tanks\KO\BA190312C\Block-3,KO,14,[43.8718849  25.65800604 17.71655408 18.06548448],1.3597631721040668,25.658006038125105,18.06548447882057,61.9373693814056,3.4284920204614004,17.716554076588395,0.8319223476799119,43.87188490258504,13,13_14_F:\Fmr1 SD Tanks\KO\BA190312C\Block-3
167,F:\Fmr1 SD Tanks\KO\BA190312C\Block-3,KO,15,[40.90822869 20.83722845 17.96872853 23.69004003],1.3778552393262087,20.837228451069485,23.6900400283187,64.59826872086376,2.7268112946894143,17.968728534221853,0.8703396934725234,40.90822869254506,13,13_15_F:\Fmr1 SD Tanks\KO\BA190312C\Block-3
168,F:\Fmr1 SD Tanks\KO\BA190312C\Block-3,KO,16,[51.30528723 24.35819042 21.27919361 11.45068583],1.4596512958320316,24.35819042322693,11.450685833297566,62.755973066609386,5.4805427360622065,21.279193610698183,0.7865380395763394,51.305287233311816,13,13_16_F:\Fmr1 SD Tanks\KO\BA190312C\Block-3
169,F:\Fmr1 SD Tanks\KO\BA190312E\Block-3,KO,2,[49.7843113  -8.76907434 13.75558385 23.41732378],2.051446334405682,-8.769074337175644,23.41732378137338,73.2016350768622,3.1259607528289926,13.75558385107416,0.9775390227802374,49.78431129548882,13,13_2_F:\Fmr1 SD Tanks\KO\BA190312E\Block-3
170,F:\Fmr1 SD Tanks\KO\BA190312E\Block-3,KO,3,[285.72389693 -25.75511051  13.07188753  26.13621259],5.507967155438108,-25.755110508800563,26.13621259156383,311.860109520481,11.932107929866712,13.071887531368914,0.9125675916756655,285.72389692891716,13,13_3_F:\Fmr1 SD Tanks\KO\BA190312E\Block-3
171,F:\Fmr1 SD Tanks\KO\BA190312E\Block-3,KO,4,[51.59406694 -5.08750366 12.79533472 15.64873155],1.8337261870726704,-5.087503660535594,15.648731554267721,67.2427984992142,4.29701271735828,12.79533471670726,0.9564692896062131,51.59406694494648,13,13_4_F:\Fmr1 SD Tanks\KO\BA190312E\Block-3
172,F:\Fmr1 SD Tanks\KO\BA190312E\Block-3,KO,5,[ 91.78561475 -19.37473943  17.25940704  18.56066688],3.094398996239533,-19.374739432595693,18.560666878743337,110.34628162996202,5.945167937706832,17.259407043007688,0.9403898742816548,91.78561475121869,13,13_5_F:\Fmr1 SD Tanks\KO\BA190312E\Block-3
173,F:\Fmr1 SD Tanks\KO\BA190312E\Block-3,KO,7,[36.38698715 -2.15777446 13.6262713  15.75390894],0.7160130877537084,-2.157774460749153,15.753908940554037,52.140896095073415,3.309711658980791,13.626271304900948,0.946042040508807,36.386987154519375,13,13_7_F:\Fmr1 SD Tanks\KO\BA190312E\Block-3
174,F:\Fmr1 SD Tanks\KO\BA190312E\Block-3,KO,8,[17.95675715  9.2074234   8.16607366 13.19077567],1.3263794810924878,9.20742340426223,13.190775669725788,31.14753282266675,2.36131169254539,8.166073664534172,0.7426118751903751,17.956757152940963,13,13_8_F:\Fmr1 SD Tanks\KO\BA190312E\Block-3
175,F:\Fmr1 SD Tanks\KO\BA190312E\Block-3,KO,11,[38.04372829 -2.20460637  6.82715224 26.2338402 ],2.5839799178584144,-2.2046063735257673,26.2338402004338,64.27756848802001,2.4501776330465384,6.827152238106933,0.9199608594529592,38.043728287586205,13,13_11_F:\Fmr1 SD Tanks\KO\BA190312E\Block-3
176,F:\Fmr1 SD Tanks\KO\BA190312E\Block-3,KO,12,[52.12497528 -2.55737945  9.13284765 21.35452321],2.302997400960294,-2.557379454446763,21.354523208529482,73.47949848401576,3.4409336966449517,9.13284764888883,0.9611053068386383,52.12497527548628,13,13_12_F:\Fmr1 SD Tanks\KO\BA190312E\Block-3
177,F:\Fmr1 SD Tanks\KO\BA190312E\Block-3,KO,13,[41.68310556 -0.7194831  11.87113793 16.33842244],0.6844270068029344,-0.7194830958656371,16.338422440022075,58.02152800456386,3.5512319636463916,11.871137932724785,0.9677315023626629,41.68310556454179,13,13_13_F:\Fmr1 SD Tanks\KO\BA190312E\Block-3
179,F:\Fmr1 SD Tanks\KO\BA190312E\Block-3,KO,15,[ 58.93915508 -18.62226185  18.38681502  26.36288435],1.927264592893607,-18.622261849713023,26.362884351384007,85.30203943562145,3.235686895965283,18.38681502367829,0.918381991241965,58.93915508423744,13,13_15_F:\Fmr1 SD Tanks\KO\BA190312E\Block-3
180,F:\Fmr1 SD Tanks\KO\BA190312E\Block-3,KO,16,[182.84725618 -40.57862447  22.81765169  28.68347992],2.736158010918643,-40.57862446950123,28.68347991627221,211.5307360940945,7.3746538673674875,22.817651685145258,0.9678295285633245,182.8472561778223,13,13_16_F:\Fmr1 SD Tanks\KO\BA190312E\Block-3
181,F:\Fmr1 SD Tanks\KO\BA190312G\Block-3,KO,1,[40.57214439 16.73206433 10.21278588 14.60762366],1.9898597656720083,16.73206433161347,14.607623664314977,55.1797680535047,3.777463694406612,10.212785881649037,0.9206324296081362,40.572144389189724,13,13_1_F:\Fmr1 SD Tanks\KO\BA190312G\Block-3
182,F:\Fmr1 SD Tanks\KO\BA190312G\Block-3,KO,2,[33.89970237 16.1261398  12.53110474 24.43820942],1.6100345462177754,16.12613979919909,24.43820941639137,58.33791179026524,2.387159828131124,12.531104735930821,0.9362243605145928,33.899702373873865,13,13_2_F:\Fmr1 SD Tanks\KO\BA190312G\Block-3
183,F:\Fmr1 SD Tanks\KO\BA190312G\Block-3,KO,3,[35.19664393 16.81513243 11.73730046 17.44071468],1.6948428680052527,16.815132434108673,17.440714683178257,52.63735860843582,3.018073488651533,11.737300463623852,0.746436987700184,35.19664392525756,13,13_3_F:\Fmr1 SD Tanks\KO\BA190312G\Block-3
184,F:\Fmr1 SD Tanks\KO\BA190312G\Block-3,KO,4,[38.11405508 16.22595746 10.35688406 14.28226458],1.9390568951394014,16.225957462610925,14.282264576323685,52.39631965954928,3.668628275267276,10.356884057202242,0.9004499861783963,38.114055083225594,13,13_4_F:\Fmr1 SD Tanks\KO\BA190312G\Block-3
185,F:\Fmr1 SD Tanks\KO\BA190312G\Block-3,KO,5,[44.68322691 13.6505965   7.46999668 17.33534215],2.6631333163606996,13.650596495498766,17.33534215381479,62.01856906419734,3.5775797508876757,7.46999668238165,0.855374508680563,44.683226910382544,13,13_5_F:\Fmr1 SD Tanks\KO\BA190312G\Block-3
186,F:\Fmr1 SD Tanks\KO\BA190312G\Block-3,KO,6,[29.44872067 18.91762915 11.30685961 16.88562666],1.2566408804204343,18.917629147072603,16.885626656687656,46.334347327974626,2.7440111208205367,11.306859613533701,0.8155629981604555,29.44872067128697,13,13_6_F:\Fmr1 SD Tanks\KO\BA190312G\Block-3
187,F:\Fmr1 SD Tanks\KO\BA190312G\Block-3,KO,7,[34.5369924  11.19522593 10.1653256  13.38610442],2.05143424629739,11.195225933350272,13.386104423152384,47.923096826276414,3.580062975109429,10.16532559721617,0.8158264403629388,34.53699240312403,13,13_7_F:\Fmr1 SD Tanks\KO\BA190312G\Block-3
188,F:\Fmr1 SD Tanks\KO\BA190312G\Block-3,KO,11,[32.05223044 17.17267633 10.66346355 18.16210528],1.5364457942368401,17.17267632875575,18.162105275490312,50.21433571109293,2.7647860723975084,10.663463548001785,0.8543240689539109,32.05223043560262,13,13_11_F:\Fmr1 SD Tanks\KO\BA190312G\Block-3
189,F:\Fmr1 SD Tanks\KO\BA190312G\Block-3,KO,12,[55.23057789 16.5259644  10.27483173 10.26401812],2.752336389200138,16.525964397481076,10.26401812216369,65.49459601647007,6.380989904435553,10.27483173133388,0.878338669027531,55.23057789430638,13,13_12_F:\Fmr1 SD Tanks\KO\BA190312G\Block-3
190,F:\Fmr1 SD Tanks\KO\BA190312G\Block-3,KO,13,[32.13949144 15.47966139  9.37816096 10.27767376],1.7207899306370675,15.479661385252214,10.277673755266342,42.417165192752755,4.127117303272829,9.378160955450719,0.8474983464356192,32.13949143748641,13,13_13_F:\Fmr1 SD Tanks\KO\BA190312G\Block-3
191,F:\Fmr1 SD Tanks\KO\BA190312G\Block-3,KO,14,[42.9275086  16.80537824 11.87900444 15.34608298],2.058249017977687,16.80537824342925,15.34608297588143,58.27359158021007,3.7972941806580467,11.879004435590094,0.7740424761896152,42.927508604328644,13,13_14_F:\Fmr1 SD Tanks\KO\BA190312G\Block-3
192,F:\Fmr1 SD Tanks\KO\BA190312G\Block-3,KO,15,[41.96333737 16.10138544 12.37463149 17.25149066],2.011330849072124,16.10138544106075,17.251490660759323,59.21482802741758,3.43244703845269,12.374631491008547,0.9647540823824141,41.96333736665826,13,13_15_F:\Fmr1 SD Tanks\KO\BA190312G\Block-3
193,F:\Fmr1 SD Tanks\KO\BA190312G\Block-3,KO,16,[35.90180404 15.7966781  15.54930739 22.35818384],1.3841485266397056,15.79667809972503,22.35818384323146,58.25998788587102,2.6057567239974277,15.549307387111238,0.9572928479073636,35.90180404263956,13,13_16_F:\Fmr1 SD Tanks\KO\BA190312G\Block-3
197,F:\Fmr1 SD Tanks\KO\BA190312I\Block-3,KO,4,[29.83539062 21.52937024 20.27536764 10.71555249],0.8909812798663096,21.529370236896636,10.715552491518686,40.55094311200395,3.7843072621873532,20.275367643756447,0.5193901154723568,29.835390620485263,13,13_4_F:\Fmr1 SD Tanks\KO\BA190312I\Block-3
198,F:\Fmr1 SD Tanks\KO\BA190312I\Block-3,KO,5,[41.19412325 19.66333692 25.50257695 11.10301609],0.876171333530351,19.663336919506587,11.103016086023958,52.29713933817879,4.71017414844678,25.502576954504185,0.5437996409248251,41.19412325215483,13,13_5_F:\Fmr1 SD Tanks\KO\BA190312I\Block-3
200,F:\Fmr1 SD Tanks\KO\BA190312I\Block-3,KO,7,[37.85331063 12.55425667 19.20516207 13.32675923],0.9337543215082177,12.554256666402742,13.326759228565281,51.18006985848372,3.840398778180193,19.205162066714625,0.7809196450076353,37.85331062991844,13,13_7_F:\Fmr1 SD Tanks\KO\BA190312I\Block-3
201,F:\Fmr1 SD Tanks\KO\BA190312I\Block-3,KO,8,[18.26924394 10.58441215 11.67395575 22.13238098],0.8886042639488777,10.584412146598511,22.132380975132147,40.40162491609479,1.8254531657253636,11.673955751299225,0.6463457091067146,18.269243940962642,13,13_8_F:\Fmr1 SD Tanks\KO\BA190312I\Block-3
202,F:\Fmr1 SD Tanks\KO\BA190312I\Block-3,KO,10,[32.26739494 12.14673065 22.52942363 13.81752149],0.5816857772344974,12.146730651292144,13.81752148697435,46.084916431503025,3.335252018601661,22.529423625806434,0.7758133507345238,32.267394944528675,13,13_10_F:\Fmr1 SD Tanks\KO\BA190312I\Block-3
205,F:\Fmr1 SD Tanks\KO\BA190312I\Block-3,KO,13,[41.14756195 15.26267503 21.4063764  12.33965521],0.9818117348459053,15.262675032667895,12.33965521081512,53.48721715860674,4.33457955224938,21.40637640236847,0.7596184560288888,41.147561947791615,13,13_13_F:\Fmr1 SD Tanks\KO\BA190312I\Block-3
298,F:\Fmr1 SD Tanks\KO\BA190328E\Block-3,KO,1,[40.06015319  9.07890882  4.36537841 20.09344773],3.0640117746116853,9.078908818810232,20.093447730203888,60.153600924619326,2.9936923584397204,4.365378407513013,0.9098758772387717,40.060153194415435,16,16_1_F:\Fmr1 SD Tanks\KO\BA190328E\Block-3
299,F:\Fmr1 SD Tanks\KO\BA190328E\Block-3,KO,2,[26.8800777   8.79365699  5.08177082 32.57722526],2.7402425065048415,8.793656986924054,32.57722525555623,59.457302950788744,1.8251186982429686,5.081770822934608,0.7597978183076921,26.880077695232515,16,16_2_F:\Fmr1 SD Tanks\KO\BA190328E\Block-3
300,F:\Fmr1 SD Tanks\KO\BA190328E\Block-3,KO,3,[35.00694761  7.02759167  4.69161425 14.8258084 ],4.395394548950549,7.02759167320549,14.82580840148105,49.83275600820636,3.3612167821640155,4.691614251311369,0.8997994730943433,35.00694760672531,16,16_3_F:\Fmr1 SD Tanks\KO\BA190328E\Block-3
301,F:\Fmr1 SD Tanks\KO\BA190328E\Block-3,KO,4,[46.16130914  9.98647225  6.82335002 17.64963592],3.916435064610368,9.986472253546301,17.64963591618668,63.81094505548336,3.615425573564474,6.823350016538342,0.8963417332055305,46.16130913929668,16,16_4_F:\Fmr1 SD Tanks\KO\BA190328E\Block-3
302,F:\Fmr1 SD Tanks\KO\BA190328E\Block-3,KO,5,[35.15593858  9.56759603  7.88343285 24.02032931],2.7047234777199947,9.567596025166244,24.02032930701354,59.176267885370564,2.463591032787884,7.883432849885789,0.8743176963519139,35.15593857835702,16,16_5_F:\Fmr1 SD Tanks\KO\BA190328E\Block-3
304,F:\Fmr1 SD Tanks\KO\BA190328E\Block-3,KO,7,[38.69591155  9.59760079  5.78177597 19.41972265],3.5469415326616622,9.597600791514157,19.419722652673087,58.11563420628761,2.992608867062687,5.781775969015826,0.8254574278135497,38.69591155361452,16,16_7_F:\Fmr1 SD Tanks\KO\BA190328E\Block-3
305,F:\Fmr1 SD Tanks\KO\BA190328E\Block-3,KO,10,[27.38497449  9.60218258  4.79986015 11.16590368],2.052161847920786,9.602182584970341,11.165903684457403,38.55087817058405,3.452553349913424,4.7998601462929775,0.8979612251242423,27.384974486126644,16,16_10_F:\Fmr1 SD Tanks\KO\BA190328E\Block-3
306,F:\Fmr1 SD Tanks\KO\BA190328E\Block-3,KO,11,[31.9407382   7.08137823  5.25510392 16.07488796],3.6736494564593154,7.081378228068683,16.07488796316837,48.01562616365404,2.9869960072922423,5.255103922033407,0.8799255236697618,31.940738200485672,16,16_11_F:\Fmr1 SD Tanks\KO\BA190328E\Block-3
307,F:\Fmr1 SD Tanks\KO\BA190328E\Block-3,KO,12,[52.91530353 10.54952062  5.59081926 16.76741869],3.759091360855393,10.549520619816152,16.767418686208416,69.68272221998755,4.155840772157922,5.590819261390336,0.903235514964154,52.91530353377914,16,16_12_F:\Fmr1 SD Tanks\KO\BA190328E\Block-3
308,F:\Fmr1 SD Tanks\KO\BA190328E\Block-3,KO,13,[45.83737712  9.93517274  6.66893481 15.96231146],3.944454832094379,9.935172740052028,15.96231145772944,61.79968857853534,3.8716002216965912,6.668934811601687,0.8380879712781202,45.8373771208059,16,16_13_F:\Fmr1 SD Tanks\KO\BA190328E\Block-3
309,F:\Fmr1 SD Tanks\KO\BA190328E\Block-3,KO,14,[40.05406823  8.5911952   4.6277824  17.9173577 ],4.159118552138352,8.591195195953878,17.91735770374705,57.971425930510776,3.235489679283862,4.627782396445785,0.8459927177239719,40.054068226763725,16,16_14_F:\Fmr1 SD Tanks\KO\BA190328E\Block-3
310,F:\Fmr1 SD Tanks\KO\BA190328E\Block-3,KO,15,[23.96832678  8.84577355  6.89120468 30.71867381],2.1052675272414945,8.845773546028985,30.718673810507156,54.68700058840902,1.7802526543220636,6.891204680064504,0.8085046078279171,23.968326777901865,16,16_15_F:\Fmr1 SD Tanks\KO\BA190328E\Block-3
311,F:\Fmr1 SD Tanks\KO\BA190328E\Block-3,KO,16,[27.7849808   8.5398019   4.39935889 30.35247887],2.492156227518194,8.539801898201421,30.352478872489566,58.137459675836084,1.9154105969423756,4.399358894491394,0.7874452423047379,27.784980803346517,16,16_16_F:\Fmr1 SD Tanks\KO\BA190328E\Block-3
341,/media/dawg/Auerbach_HD_WG/Fmr1 SD Tanks/KO/BA180509D/Block-3,KO,2,[55.24269842 -1.63037769  7.04801615  8.42570595],3.11235425769496,-1.6303776933062908,8.4257059549726,63.66840437104625,7.55644746105471,7.048016153639037,0.969838388683888,55.24269841607365,10,10_2_/media/dawg/Auerbach_HD_WG/Fmr1 SD Tanks/KO/BA180509D/Block-3
342,/media/dawg/Auerbach_HD_WG/Fmr1 SD Tanks/KO/BA180509D/Block-3,KO,7,[49.63630045  3.07051747  4.18987091 10.0826741 ],4.255218779292136,3.07051747109231,10.082674096901005,59.71897454378052,5.922930164145209,4.189870911861882,0.9766987536939904,49.63630044687952,10,10_7_/media/dawg/Auerbach_HD_WG/Fmr1 SD Tanks/KO/BA180509D/Block-3
343,/media/dawg/Auerbach_HD_WG/Fmr1 SD Tanks/KO/BA180509D/Block-3,KO,8,[38.75227273  3.12883965  3.92828231 13.32055167],3.8509467508163193,3.1288396496996174,13.320551667423288,52.07282439636887,3.909209295266506,3.9282823091397865,0.9467526489591671,38.752272728945584,10,10_8_/media/dawg/Auerbach_HD_WG/Fmr1 SD Tanks/KO/BA180509D/Block-3
344,/media/dawg/Auerbach_HD_WG/Fmr1 SD Tanks/KO/BA180509D/Block-3,KO,9,[29.17731752  4.16358412  2.96399108  7.36094592],5.927455896959088,4.163584123088039,7.360945922176904,36.538263439807736,4.963800009687073,2.963991084601408,0.9486307903031816,29.177317517630833,10,10_9_/media/dawg/Auerbach_HD_WG/Fmr1 SD Tanks/KO/BA180509D/Block-3
345,/media/dawg/Auerbach_HD_WG/Fmr1 SD Tanks/KO/BA180509D/Block-3,KO,10,[45.88675022  2.77104519  4.06409911 11.83247523],3.484886748239546,2.7710451940177894,11.832475233181022,57.719225456758664,4.878034757672721,4.06409911428179,0.9836385874234226,45.88675022357764,10,10_10_/media/dawg/Auerbach_HD_WG/Fmr1 SD Tanks/KO/BA180509D/Block-3
347,/media/dawg/Auerbach_HD_WG/Fmr1 SD Tanks/KO/BA180509D/Block-3,KO,13,[47.02616323  2.35263834  5.07526645 16.64191909],1.6247604143870829,2.352638337100529,16.641919091834662,63.66808232676284,3.8257656449009847,5.075266448892001,0.9450675990169424,47.02616323492818,10,10_13_/media/dawg/Auerbach_HD_WG/Fmr1 SD Tanks/KO/BA180509D/Block-3
348,/media/dawg/Auerbach_HD_WG/Fmr1 SD Tanks/KO/BA180509D/Block-3,KO,15,[43.88458893  2.02028937  2.98686667 14.87200779],3.057947691331719,2.0202893690072927,14.872007788570034,58.75659672050041,3.9508180439266667,2.986866671292727,0.9584327107607726,43.88458893193038,10,10_15_/media/dawg/Auerbach_HD_WG/Fmr1 SD Tanks/KO/BA180509D/Block-3
349,/media/dawg/Auerbach_HD_WG/Fmr1 SD Tanks/KO/BA180509D/Block-3,KO,16,[41.96172304  1.74184898  2.94250087 13.84026056],1.7196831933574683,1.7418489775412964,13.840260561792606,55.80198360081033,4.031859324589392,2.9425008671835005,0.9720637360149881,41.96172303901773,10,10_16_/media/dawg/Auerbach_HD_WG/Fmr1 SD Tanks/KO/BA180509D/Block-3
364,/media/auerbach1/Auerbach_HD_WG/Fmr1 SD Tanks/KO/BA180410B/Block-3,KO,1,[58.12003415 15.85447127 15.21276701 13.40330483],2.3010556883917843,15.85447127457195,13.403304827204723,71.52333897722063,5.336246537648649,15.212767008936734,0.9338332947797551,58.12003415001591,8,8_1_/media/auerbach1/Auerbach_HD_WG/Fmr1 SD Tanks/KO/BA180410B/Block-3
365,/media/auerbach1/Auerbach_HD_WG/Fmr1 SD Tanks/KO/BA180410B/Block-3,KO,2,[58.12003415 15.85447127 15.21276701 13.40330483],2.3010556883917843,15.85447127457195,13.403304827204723,71.52333897722063,5.336246537648649,15.212767008936734,0.9338332947797551,58.12003415001591,8,8_2_/media/auerbach1/Auerbach_HD_WG/Fmr1 SD Tanks/KO/BA180410B/Block-3
367,/media/auerbach1/Auerbach_HD_WG/Fmr1 SD Tanks/KO/BA180410B/Block-3,KO,4,[59.00994658 15.87658291 14.71708276 13.82417977],2.4257555448770063,15.876582912943158,13.824179770374299,72.83412634684623,5.268603820020651,14.717082757310338,0.8174932570390825,59.00994657647193,8,8_4_/media/auerbach1/Auerbach_HD_WG/Fmr1 SD Tanks/KO/BA180410B/Block-3
368,/media/auerbach1/Auerbach_HD_WG/Fmr1 SD Tanks/KO/BA180410B/Block-3,KO,5,[55.94643989 16.15195189 14.37231544 12.59410639],2.3608559345689173,16.151951885994457,12.594106392546786,68.54054628668352,5.442271499885528,14.372315443628821,0.8428652679747594,55.94643989413674,8,8_5_/media/auerbach1/Auerbach_HD_WG/Fmr1 SD Tanks/KO/BA180410B/Block-3
373,/media/auerbach1/Auerbach_HD_WG/Fmr1 SD Tanks/KO/BA180410B/Block-3,KO,12,[62.58528803 15.77101217 15.15947067 10.90374342],2.4855614164209783,15.771012168804338,10.903743416755683,73.48903144269703,6.739798309062106,15.159470672130954,0.8674978545857207,62.585288025941345,8,8_12_/media/auerbach1/Auerbach_HD_WG/Fmr1 SD Tanks/KO/BA180410B/Block-3
374,/media/auerbach1/Auerbach_HD_WG/Fmr1 SD Tanks/KO/BA180410B/Block-3,KO,13,[55.37498359 17.23054182 13.61394953 13.8545585 ],2.429512455748295,17.23054182320346,13.854558496992578,69.229542083409,4.996878254795107,13.613949534089766,0.8575149551465322,55.37498358641642,8,8_13_/media/auerbach1/Auerbach_HD_WG/Fmr1 SD Tanks/KO/BA180410B/Block-3
375,/media/auerbach1/Auerbach_HD_WG/Fmr1 SD Tanks/KO/BA180410B/Block-3,KO,14,[52.69978875 18.24783964 11.81195467 11.06320923],2.360699444992065,18.247839643648245,11.0632092290685,63.762997974686456,5.763517317122563,11.811954667378792,0.8430960381982971,52.69978874561796,8,8_14_/media/auerbach1/Auerbach_HD_WG/Fmr1 SD Tanks/KO/BA180410B/Block-3
376,/media/auerbach1/Auerbach_HD_WG/Fmr1 SD Tanks/KO/BA180410B/Block-3,KO,15,[56.07290108 15.00090818 16.96560358 16.88859657],1.8906352380554379,15.000908182145988,16.888596574691736,72.96149765342703,4.320163450571308,16.96560357632522,0.9188520188984042,56.0729010787353,8,8_15_/media/auerbach1/Auerbach_HD_WG/Fmr1 SD Tanks/KO/BA180410B/Block-3
377,/media/auerbach1/Auerbach_HD_WG/Fmr1 SD Tanks/KO/BA180410B/Block-3,KO,16,[56.50498366 16.57769954 14.18027088  9.6323985 ],2.4139045144977445,16.577699539686467,9.632398497821004,66.1373821565283,6.866138498265991,14.180270880362944,0.8428580566310726,56.5049836587073,8,8_16_/media/auerbach1/Auerbach_HD_WG/Fmr1 SD Tanks/KO/BA180410B/Block-3
378,/media/auerbach1/Auerbach_HD_WG/Fmr1 SD Tanks/KO/BA180410C/Block-3,KO,1,[48.58434938  8.47352198 18.60964507  6.64135898],0.8667695201580726,8.473521975369048,6.641358980345731,55.22570835979348,8.315422871015862,18.609645073406984,0.8653380236967709,48.58434937944775,8,8_1_/media/auerbach1/Auerbach_HD_WG/Fmr1 SD Tanks/KO/BA180410C/Block-3
379,/media/auerbach1/Auerbach_HD_WG/Fmr1 SD Tanks/KO/BA180410C/Block-3,KO,2,[44.30605013  8.5827103  19.85860863  6.06288281],0.7097519851839705,8.582710295647205,6.062882812211254,50.36893294285791,8.307753011720733,19.85860863300834,0.785770497280402,44.30605013064665,8,8_2_/media/auerbach1/Auerbach_HD_WG/Fmr1 SD Tanks/KO/BA180410C/Block-3
380,/media/auerbach1/Auerbach_HD_WG/Fmr1 SD Tanks/KO/BA180410C/Block-3,KO,3,[39.57748859  9.34047988 11.30494039 16.91323631],1.8823438022508296,9.340479883739313,16.91323631457933,56.49072490078242,3.340030485595889,11.304940394264333,0.8833150927413033,39.57748858620309,8,8_3_/media/auerbach1/Auerbach_HD_WG/Fmr1 SD Tanks/KO/BA180410C/Block-3
381,/media/auerbach1/Auerbach_HD_WG/Fmr1 SD Tanks/KO/BA180410C/Block-3,KO,4,[36.08786972 13.46097126 20.25116796  4.70221744],0.8579986662482496,13.460971256084072,4.702217440625453,40.79008716129795,8.67464928543848,20.251167958509434,0.5279890505976574,36.087869720672494,8,8_4_/media/auerbach1/Auerbach_HD_WG/Fmr1 SD Tanks/KO/BA180410C/Block-3
382,/media/auerbach1/Auerbach_HD_WG/Fmr1 SD Tanks/KO/BA180410C/Block-3,KO,5,[40.29401736 12.08903402 21.00373343  2.806369  ],0.8195287730217159,12.089034016909164,2.8063690022597143,43.10038636389463,15.35806101378322,21.00373343260994,0.563043081282091,40.294017361634914,8,8_5_/media/auerbach1/Auerbach_HD_WG/Fmr1 SD Tanks/KO/BA180410C/Block-3
385,/media/auerbach1/Auerbach_HD_WG/Fmr1 SD Tanks/KO/BA180410C/Block-3,KO,11,[36.62450467  8.74560659  7.52163701 11.8927263 ],2.944107922076,8.745606588641449,11.892726298265561,48.517230967106244,4.079571811400554,7.521637010556625,0.8403455142830027,36.624504668840686,8,8_11_/media/auerbach1/Auerbach_HD_WG/Fmr1 SD Tanks/KO/BA180410C/Block-3
386,/media/auerbach1/Auerbach_HD_WG/Fmr1 SD Tanks/KO/BA180410C/Block-3,KO,12,[42.21756856 12.83208591 18.55672884  6.36024174],1.1226389993623798,12.832085913923194,6.360241735372537,48.577810291919434,7.637730185906856,18.556728844472225,0.6430341245179124,42.217568556546894,8,8_12_/media/auerbach1/Auerbach_HD_WG/Fmr1 SD Tanks/KO/BA180410C/Block-3
388,/media/auerbach1/Auerbach_HD_WG/Fmr1 SD Tanks/KO/BA180410C/Block-3,KO,14,[46.88608102  6.82040877 16.32188004  7.53532312],0.8377541561799261,6.82040876571834,7.535323116115006,54.42140413947379,7.222172599750691,16.321880038590322,0.8479898640142074,46.886081023358784,8,8_14_/media/auerbach1/Auerbach_HD_WG/Fmr1 SD Tanks/KO/BA180410C/Block-3
389,/media/auerbach1/Auerbach_HD_WG/Fmr1 SD Tanks/KO/BA180410C/Block-3,KO,15,[46.50778364 13.4281276  16.37718887  9.76339895],1.5605201994617344,13.428127599933417,9.76339894915159,56.27118258783075,5.763482869121163,16.37718887144998,0.7185781799579553,46.50778363867916,8,8_15_/media/auerbach1/Auerbach_HD_WG/Fmr1 SD Tanks/KO/BA180410C/Block-3
390,/media/auerbach1/Auerbach_HD_WG/Fmr1 SD Tanks/KO/BA180410C/Block-3,KO,16,[43.50004493  8.64900217 19.94510475  8.59725903],0.6913527897722814,8.64900216944515,8.597259026084279,52.09730395431103,6.059757394333081,19.945104745359025,0.8252367048304833,43.50004492822675,8,8_16_/media/auerbach1/Auerbach_HD_WG/Fmr1 SD Tanks/KO/BA180410C/Block-3
